year,country,players,prize_pool
1998,United States,28,"$94,250.00"
1998,Canada,28,"$12,400.00"
1998,United Kingdom,28,$300.00
1998,Sweden,28,$150.00
1999,United States,28,"$124,261.09"
1999,"Korea, Republic of",28,"$75,876.40"
1999,Canada,28,"$60,416.35"
1999,United Kingdom,28,"$11,600.00"
1999,Sweden,28,"$3,000.00"
2000,United States,92,"$247,563.40"
2000,"Korea, Republic of",92,"$206,619.75"
2000,Sweden,92,"$86,874.14"
2000,Canada,92,"$37,427.49"
2000,United Kingdom,92,"$21,252.70"
2000,"Taiwan, Republic of China",92,"$15,000.00"
2000,Norway,92,"$9,280.86"
2000,Germany,92,"$8,476.33"
2000,Denmark,92,"$7,930.39"
2000,Hong Kong,92,"$7,692.00"
2000,Russian Federation,92,"$6,757.99"
2000,Netherlands,92,"$6,087.63"
2000,Australia,92,"$4,556.80"
2000,Finland,92,"$2,190.84"
2000,Venezuela,92,"$1,000.00"
2000,Hungary,92,$876.33
2000,France,92,$701.05
2000,New Zealand,92,$500.00
2000,Croatia,92,$438.17
2000,Singapore,92,$400.00
2000,South Africa,92,$365.53
2000,Spain,92,$300.00
2000,Northern Mariana Islands,92,$300.00
2001,United States,74,"$196,572.65"
2001,"Korea, Republic of",74,"$160,590.09"
2001,Sweden,74,"$97,170.85"
2001,Germany,74,"$77,020.45"
2001,Canada,74,"$54,525.00"
2001,Russian Federation,74,"$42,230.48"
2001,"Taiwan, Republic of China",74,"$40,500.00"
2001,France,74,"$28,175.56"
2001,Denmark,74,"$18,099.14"
2001,China,74,"$17,000.00"
2001,Italy,74,"$16,525.00"
2001,Norway,74,"$15,882.21"
2001,Finland,74,"$15,110.55"
2001,United Kingdom,74,"$9,913.59"
2001,Netherlands,74,"$9,795.37"
2001,Kazakhstan,74,"$7,500.00"
2001,Australia,74,"$5,985.30"
2001,Austria,74,"$5,600.00"
2001,Hong Kong,74,"$5,000.00"
2001,Japan,74,"$3,000.00"
2001,Brazil,74,"$2,539.67"
2001,Singapore,74,"$2,000.00"
2001,Argentina,74,$955.84
2001,Belgium,74,$756.97
2001,Switzerland,74,$625.00
2001,Malaysia,74,$150.00
2001,Ireland,74,$131.97
2001,Greece,74,$75.00
2001,Lithuania,74,$50.00
2002,China,43,"$292,100.00"
2002,"Korea, Republic of",43,"$177,886.16"
2002,United States,43,"$169,229.30"
2002,Germany,43,"$120,206.98"
2002,Russian Federation,43,"$110,308.90"
2002,Sweden,43,"$102,648.92"
2002,Canada,43,"$63,866.68"
2002,France,43,"$29,031.16"
2002,Norway,43,"$28,235.00"
2002,Japan,43,"$26,500.00"
2002,United Kingdom,43,"$24,886.70"
2002,Malaysia,43,"$18,300.00"
2002,Netherlands,43,"$14,083.33"
2002,"Taiwan, Republic of China",43,"$11,000.00"
2002,Spain,43,"$10,300.00"
2002,Denmark,43,"$6,193.46"
2002,Austria,43,"$5,093.89"
2002,Poland,43,"$5,033.33"
2002,New Zealand,43,"$5,000.00"
2002,Italy,43,"$4,500.00"
2002,Finland,43,"$4,244.80"
2002,Brazil,43,"$3,536.60"
2002,Kazakhstan,43,"$3,500.00"
2002,Argentina,43,"$3,400.00"
2002,Australia,43,"$3,250.00"
2002,Czech Republic,43,"$3,000.00"
2002,Hong Kong,43,"$1,750.00"
2002,Ukraine,43,"$1,750.00"
2002,Viet Nam,43,"$1,589.83"
2002,Chile,43,"$1,500.00"
2002,Singapore,43,"$1,250.00"
2002,Portugal,43,"$1,000.00"
2002,South Africa,43,"$1,000.00"
2002,Lithuania,43,$600.00
2002,Israel,43,$300.00
2002,Serbia,43,$300.00
2002,Jamaica,43,$83.33
2002,Bulgaria,43,$50.00
2003,Sweden,101,"$365,286.70"
2003,"Korea, Republic of",101,"$310,600.11"
2003,United States,101,"$272,474.28"
2003,Germany,101,"$239,864.77"
2003,Norway,101,"$73,150.51"
2003,Russian Federation,101,"$62,292.20"
2003,France,101,"$46,654.67"
2003,Netherlands,101,"$37,592.42"
2003,Bulgaria,101,"$37,558.38"
2003,China,101,"$33,150.00"
2003,United Kingdom,101,"$32,658.36"
2003,Spain,101,"$30,122.92"
2003,"Taiwan, Republic of China",101,"$29,350.00"
2003,Canada,101,"$28,991.71"
2003,Denmark,101,"$25,393.92"
2003,Italy,101,"$23,892.18"
2003,Austria,101,"$15,658.35"
2003,Brazil,101,"$14,375.50"
2003,Kazakhstan,101,"$13,380.00"
2003,Finland,101,"$11,352.45"
2003,Poland,101,"$10,830.38"
2003,Ukraine,101,"$7,494.05"
2003,Romania,101,"$5,287.18"
2003,Australia,101,"$5,030.00"
2003,Czech Republic,101,"$4,981.80"
2003,Argentina,101,"$4,130.00"
2003,Belarus,101,"$2,869.55"
2003,Serbia,101,"$2,300.00"
2003,Singapore,101,"$2,000.00"
2003,Belgium,101,"$1,507.14"
2003,Iceland,101,"$1,500.00"
2003,Lithuania,101,"$1,400.00"
2003,Hong Kong,101,"$1,195.36"
2003,Israel,101,$650.00
2003,Greece,101,$431.00
2003,Hungary,101,$368.22
2003,Viet Nam,101,$327.77
2003,Croatia,101,$240.62
2003,Portugal,101,$210.00
2003,Ireland,101,$100.02
2003,Mexico,101,$100.00
2003,Estonia,101,$50.00
2003,Japan,101,$0.00
2004,"Korea, Republic of",227,"$786,279.02"
2004,United States,227,"$458,179.07"
2004,Sweden,227,"$311,233.52"
2004,Germany,227,"$286,897.24"
2004,China,227,"$192,627.92"
2004,Russian Federation,227,"$140,988.34"
2004,Netherlands,227,"$123,888.74"
2004,Denmark,227,"$110,907.82"
2004,Brazil,227,"$66,358.45"
2004,France,227,"$63,487.90"
2004,Finland,227,"$55,440.40"
2004,Norway,227,"$49,682.24"
2004,Canada,227,"$36,791.62"
2004,Austria,227,"$33,292.85"
2004,Bulgaria,227,"$16,714.26"
2004,Poland,227,"$16,019.78"
2004,United Kingdom,227,"$14,988.84"
2004,Singapore,227,"$14,800.00"
2004,Venezuela,227,"$14,300.00"
2004,Ukraine,227,"$14,137.75"
2004,Italy,227,"$10,680.00"
2004,Portugal,227,"$8,928.00"
2004,Argentina,227,"$7,378.00"
2004,Spain,227,"$5,654.34"
2004,Czech Republic,227,"$5,524.57"
2004,Japan,227,"$5,278.00"
2004,Romania,227,"$3,897.00"
2004,Croatia,227,"$3,802.57"
2004,Kazakhstan,227,"$3,360.71"
2004,Belarus,227,"$2,802.66"
2004,Hong Kong,227,"$2,625.00"
2004,Serbia,227,"$2,476.50"
2004,Thailand,227,"$1,590.22"
2004,Greece,227,"$1,571.40"
2004,Peru,227,"$1,500.00"
2004,Ireland,227,"$1,250.00"
2004,Israel,227,"$1,200.00"
2004,Chile,227,"$1,000.00"
2004,Hungary,227,"$1,000.00"
2004,Saudi Arabia,227,"$1,000.00"
2004,Uruguay,227,$500.00
2004,Belgium,227,$400.00
2004,Viet Nam,227,$100.00
2004,"Taiwan, Republic of China",227,$65.00
2004,Slovenia,227,$50.00
2004,Malta,227,$33.33
2004,Bahrain,227,$25.00
2004,"Iran, Islamic Republic of",227,$20.00
2005,United States,305,"$847,732.98"
2005,"Korea, Republic of",305,"$805,612.34"
2005,Germany,305,"$426,086.92"
2005,Sweden,305,"$401,672.14"
2005,Netherlands,305,"$268,962.76"
2005,China,305,"$217,858.28"
2005,Italy,305,"$180,460.23"
2005,Russian Federation,305,"$179,006.69"
2005,Norway,305,"$136,776.08"
2005,Canada,305,"$122,441.67"
2005,Denmark,305,"$91,343.60"
2005,Brazil,305,"$85,315.15"
2005,France,305,"$82,799.36"
2005,Austria,305,"$57,345.96"
2005,United Kingdom,305,"$53,969.54"
2005,Spain,305,"$35,343.64"
2005,Finland,305,"$31,744.32"
2005,Poland,305,"$31,556.40"
2005,Estonia,305,"$30,833.37"
2005,Kazakhstan,305,"$28,360.71"
2005,Japan,305,"$18,275.00"
2005,Bulgaria,305,"$16,591.85"
2005,Ukraine,305,"$15,492.33"
2005,Saudi Arabia,305,"$13,000.00"
2005,Singapore,305,"$10,000.00"
2005,Australia,305,"$7,400.00"
2005,Belgium,305,"$7,306.75"
2005,Serbia,305,"$6,500.00"
2005,Lithuania,305,"$5,911.20"
2005,Hungary,305,"$5,591.25"
2005,Slovenia,305,"$4,166.67"
2005,Croatia,305,"$3,590.89"
2005,Czech Republic,305,"$2,919.82"
2005,Turkey,305,"$2,802.15"
2005,Argentina,305,"$2,400.00"
2005,Romania,305,"$1,500.00"
2005,Belarus,305,"$1,312.26"
2005,Israel,305,"$1,300.00"
2005,Thailand,305,"$1,268.39"
2005,Switzerland,305,"$1,000.00"
2005,New Zealand,305,$600.00
2005,Chile,305,$575.00
2005,Viet Nam,305,$450.00
2005,Malta,305,$350.00
2005,Iceland,305,$157.79
2005,Venezuela,305,$150.00
2005,Greece,305,$119.49
2005,Hong Kong,305,$100.00
2005,Portugal,305,$50.00
2006,United States,391,"$1,553,259.46"
2006,"Korea, Republic of",391,"$952,494.00"
2006,Sweden,391,"$578,527.48"
2006,Germany,391,"$418,504.41"
2006,China,391,"$371,057.64"
2006,Russian Federation,391,"$357,690.67"
2006,France,391,"$205,998.11"
2006,Poland,391,"$117,577.46"
2006,Brazil,391,"$113,742.45"
2006,Netherlands,391,"$107,079.41"
2006,Norway,391,"$102,534.81"
2006,Ukraine,391,"$73,683.57"
2006,Denmark,391,"$69,003.91"
2006,Spain,391,"$60,848.70"
2006,Canada,391,"$59,508.44"
2006,Finland,391,"$57,884.86"
2006,United Kingdom,391,"$39,707.06"
2006,Estonia,391,"$38,138.25"
2006,Austria,391,"$35,351.35"
2006,Italy,391,"$25,388.84"
2006,Japan,391,"$25,100.12"
2006,Australia,391,"$20,270.50"
2006,Belarus,391,"$19,669.11"
2006,Romania,391,"$17,073.70"
2006,Bulgaria,391,"$14,753.05"
2006,Croatia,391,"$10,250.47"
2006,Mexico,391,"$10,020.00"
2006,Belgium,391,"$7,178.90"
2006,Czech Republic,391,"$5,299.06"
2006,Portugal,391,"$3,802.25"
2006,Peru,391,"$3,200.00"
2006,Turkey,391,"$2,608.70"
2006,Malaysia,391,"$2,500.00"
2006,Kazakhstan,391,"$2,431.10"
2006,Greece,391,"$2,370.00"
2006,Ireland,391,"$1,903.50"
2006,Switzerland,391,"$1,689.55"
2006,Argentina,391,"$1,632.74"
2006,Thailand,391,"$1,450.00"
2006,Serbia,391,"$1,102.67"
2006,Hong Kong,391,"$1,000.00"
2006,Israel,391,$866.67
2006,Indonesia,391,$823.23
2006,South Africa,391,$770.71
2006,Hungary,391,$696.32
2006,Slovakia,391,$500.00
2006,Venezuela,391,$350.00
2006,"Taiwan, Republic of China",391,$310.15
2006,Colombia,391,$300.00
2006,Viet Nam,391,$264.90
2006,Lithuania,391,$242.00
2006,Chile,391,$150.00
2006,"Iran, Islamic Republic of",391,$88.84
2006,Malta,391,$70.00
2006,Slovenia,391,$37.50
2006,Morocco,391,$25.59
2007,United States,632,"$2,054,136.01"
2007,"Korea, Republic of",632,"$1,526,604.07"
2007,Sweden,632,"$467,060.41"
2007,Germany,632,"$422,771.79"
2007,Canada,632,"$322,959.50"
2007,Russian Federation,632,"$273,603.30"
2007,China,632,"$225,139.16"
2007,France,632,"$202,257.40"
2007,Poland,632,"$200,366.06"
2007,Denmark,632,"$193,117.38"
2007,United Kingdom,632,"$187,310.46"
2007,Finland,632,"$127,774.70"
2007,Netherlands,632,"$125,726.57"
2007,Ukraine,632,"$116,652.80"
2007,Brazil,632,"$101,838.71"
2007,Norway,632,"$92,795.21"
2007,Singapore,632,"$36,095.55"
2007,Mexico,632,"$35,100.00"
2007,Japan,632,"$30,557.13"
2007,Australia,632,"$23,783.82"
2007,Italy,632,"$23,333.43"
2007,Austria,632,"$21,779.83"
2007,Spain,632,"$21,526.68"
2007,Serbia,632,"$13,266.67"
2007,Bulgaria,632,"$11,581.74"
2007,Belarus,632,"$10,296.82"
2007,Belgium,632,"$9,384.69"
2007,Estonia,632,"$6,464.67"
2007,Kazakhstan,632,"$5,471.00"
2007,Slovenia,632,"$5,342.39"
2007,Turkey,632,"$4,496.83"
2007,Switzerland,632,"$4,075.38"
2007,Hungary,632,"$3,469.46"
2007,Hong Kong,632,"$3,428.56"
2007,"Taiwan, Republic of China",632,"$3,406.97"
2007,Ireland,632,"$3,363.23"
2007,Peru,632,"$3,116.40"
2007,Croatia,632,"$2,971.63"
2007,Latvia,632,"$2,968.55"
2007,Portugal,632,"$2,888.03"
2007,Romania,632,"$2,700.00"
2007,Czech Republic,632,"$2,236.44"
2007,Viet Nam,632,$866.67
2007,Argentina,632,$800.00
2007,Slovakia,632,$795.48
2007,Chile,632,$447.30
2007,Iceland,632,$395.78
2007,"Moldova, Republic of",632,$98.00
2008,United States,503,"$1,560,564.56"
2008,"Korea, Republic of",503,"$1,528,629.08"
2008,United Kingdom,503,"$832,180.83"
2008,Sweden,503,"$521,539.40"
2008,Germany,503,"$468,082.10"
2008,China,503,"$297,627.68"
2008,Denmark,503,"$261,249.82"
2008,Russian Federation,503,"$217,696.40"
2008,France,503,"$195,346.71"
2008,Canada,503,"$168,759.94"
2008,Netherlands,503,"$148,190.69"
2008,Poland,503,"$125,015.15"
2008,Spain,503,"$116,362.28"
2008,Ukraine,503,"$106,744.51"
2008,Finland,503,"$95,177.60"
2008,Brazil,503,"$66,711.40"
2008,Italy,503,"$60,765.25"
2008,Portugal,503,"$56,184.38"
2008,Singapore,503,"$55,469.50"
2008,Australia,503,"$47,000.00"
2008,Austria,503,"$43,786.37"
2008,Mexico,503,"$30,035.95"
2008,Japan,503,"$28,931.00"
2008,Belgium,503,"$26,817.85"
2008,Czech Republic,503,"$23,175.37"
2008,Belarus,503,"$22,583.33"
2008,"Taiwan, Republic of China",503,"$22,000.00"
2008,Romania,503,"$20,477.40"
2008,Norway,503,"$15,603.56"
2008,Slovakia,503,"$12,206.91"
2008,Hungary,503,"$11,691.20"
2008,Malaysia,503,"$8,000.00"
2008,Croatia,503,"$7,258.34"
2008,Bulgaria,503,"$6,849.44"
2008,Malta,503,"$3,148.29"
2008,Argentina,503,"$3,000.00"
2008,Turkey,503,"$2,475.84"
2008,Switzerland,503,"$2,012.79"
2008,Iceland,503,"$1,407.62"
2008,Estonia,503,"$1,332.96"
2008,Serbia,503,"$1,080.00"
2008,Hong Kong,503,$995.48
2008,Lithuania,503,$816.50
2008,Slovenia,503,$666.48
2008,Ireland,503,$655.20
2008,Latvia,503,$648.90
2008,South Africa,503,$404.83
2008,Ecuador,503,$347.74
2008,Kazakhstan,503,$329.67
2008,Puerto Rico,503,$222.00
2008,Chile,503,$175.00
2008,Pakistan,503,$50.00
2009,"Korea, Republic of",130,"$941,787.71"
2009,United States,130,"$710,723.12"
2009,Sweden,130,"$440,534.36"
2009,China,130,"$338,757.87"
2009,Germany,130,"$292,958.46"
2009,Denmark,130,"$157,473.35"
2009,France,130,"$146,929.12"
2009,Russian Federation,130,"$129,295.55"
2009,Poland,130,"$121,890.50"
2009,United Kingdom,130,"$110,877.19"
2009,Netherlands,130,"$69,096.88"
2009,Ukraine,130,"$64,924.79"
2009,Finland,130,"$58,497.78"
2009,Spain,130,"$57,170.46"
2009,Kazakhstan,130,"$48,993.10"
2009,Canada,130,"$44,715.25"
2009,Norway,130,"$28,500.55"
2009,Japan,130,"$23,025.75"
2009,Bulgaria,130,"$20,818.08"
2009,Slovakia,130,"$19,790.28"
2009,Belgium,130,"$14,029.98"
2009,Czech Republic,130,"$12,843.80"
2009,Singapore,130,"$12,124.30"
2009,Italy,130,"$9,981.79"
2009,Austria,130,"$8,999.88"
2009,Belarus,130,"$8,658.88"
2009,Brazil,130,"$7,800.00"
2009,Turkey,130,"$7,640.91"
2009,"Taiwan, Republic of China",130,"$7,000.00"
2009,Bosnia and Herzegovina,130,"$6,615.03"
2009,Uruguay,130,"$6,000.00"
2009,Mexico,130,"$5,050.00"
2009,Malaysia,130,"$5,048.10"
2009,Hungary,130,"$4,988.41"
2009,Croatia,130,"$4,700.00"
2009,Serbia,130,"$4,000.00"
2009,Argentina,130,"$3,660.00"
2009,Malta,130,"$3,396.00"
2009,Australia,130,"$3,025.00"
2009,Portugal,130,"$2,923.24"
2009,Hong Kong,130,"$2,500.00"
2009,Chile,130,"$2,248.35"
2009,Estonia,130,"$2,017.87"
2009,Latvia,130,"$1,507.09"
2009,Switzerland,130,"$1,391.84"
2009,Ireland,130,"$1,279.18"
2009,Viet Nam,130,"$1,263.25"
2009,Pakistan,130,"$1,100.00"
2009,Uzbekistan,130,"$1,000.00"
2009,Peru,130,$787.27
2009,United Arab Emirates,130,$600.00
2009,Indonesia,130,$600.00
2009,Slovenia,130,$553.12
2009,Iceland,130,$426.50
2009,"Iran, Islamic Republic of",130,$420.12
2009,Algeria,130,$222.27
2009,Ecuador,130,$182.62
2009,Lithuania,130,$180.53
2009,India,130,$100.00
2009,Philippines,130,$100.00
2009,Saudi Arabia,130,$0.00
2010,United States,634,"$1,592,229.33"
2010,"Korea, Republic of",634,"$1,454,747.33"
2010,Sweden,634,"$396,131.87"
2010,China,634,"$342,911.30"
2010,Germany,634,"$341,129.12"
2010,Ukraine,634,"$272,262.63"
2010,France,634,"$228,378.19"
2010,Russian Federation,634,"$173,172.72"
2010,Denmark,634,"$157,860.82"
2010,Canada,634,"$131,693.43"
2010,United Kingdom,634,"$117,667.40"
2010,Brazil,634,"$94,017.91"
2010,Finland,634,"$90,040.65"
2010,Poland,634,"$88,194.16"
2010,Kazakhstan,634,"$52,204.30"
2010,Netherlands,634,"$50,565.08"
2010,Italy,634,"$42,598.94"
2010,Japan,634,"$39,709.04"
2010,Belarus,634,"$34,430.90"
2010,Norway,634,"$30,380.33"
2010,Austria,634,"$20,018.77"
2010,Peru,634,"$19,641.74"
2010,Australia,634,"$18,683.11"
2010,Belgium,634,"$16,542.52"
2010,Thailand,634,"$15,697.88"
2010,"Taiwan, Republic of China",634,"$14,679.41"
2010,Spain,634,"$13,195.47"
2010,Portugal,634,"$11,851.38"
2010,Singapore,634,"$11,356.72"
2010,Argentina,634,"$11,292.86"
2010,Turkey,634,"$10,234.69"
2010,Hungary,634,"$9,377.64"
2010,Czech Republic,634,"$8,658.87"
2010,Malaysia,634,"$8,097.47"
2010,Mexico,634,"$7,000.00"
2010,Bulgaria,634,"$6,044.99"
2010,Viet Nam,634,"$5,363.10"
2010,Slovakia,634,"$5,025.99"
2010,Serbia,634,"$4,609.55"
2010,Switzerland,634,"$4,559.10"
2010,Romania,634,"$4,053.15"
2010,Bosnia and Herzegovina,634,"$3,416.27"
2010,Malta,634,"$2,508.10"
2010,Estonia,634,"$2,357.36"
2010,Hong Kong,634,"$2,280.45"
2010,Israel,634,"$1,715.02"
2010,Ireland,634,"$1,618.91"
2010,Indonesia,634,"$1,038.35"
2010,Lithuania,634,"$1,031.62"
2010,Croatia,634,$897.68
2010,Latvia,634,$408.71
2010,India,634,$354.15
2010,Philippines,634,$300.00
2010,New Zealand,634,$296.83
2010,South Africa,634,$179.29
2010,Pakistan,634,$140.00
2010,Chile,634,$90.00
2010,Egypt,634,$77.98
2010,Morocco,634,$13.93
2011,"Korea, Republic of",303,"$2,736,830.06"
2011,United States,303,"$2,084,160.37"
2011,Ukraine,303,"$829,074.10"
2011,China,303,"$725,732.87"
2011,United Kingdom,303,"$479,218.80"
2011,Sweden,303,"$475,467.60"
2011,Russian Federation,303,"$400,454.50"
2011,France,303,"$361,524.07"
2011,Germany,303,"$335,984.77"
2011,Poland,303,"$275,889.05"
2011,Canada,303,"$226,481.73"
2011,Estonia,303,"$204,897.31"
2011,Denmark,303,"$194,704.61"
2011,Singapore,303,"$154,054.25"
2011,Finland,303,"$109,363.77"
2011,"Taiwan, Republic of China",303,"$72,139.74"
2011,Japan,303,"$59,438.30"
2011,Netherlands,303,"$54,215.54"
2011,Spain,303,"$49,564.20"
2011,Thailand,303,"$32,298.69"
2011,Portugal,303,"$32,290.21"
2011,Australia,303,"$31,930.20"
2011,Kazakhstan,303,"$28,410.89"
2011,Belgium,303,"$26,828.09"
2011,Brazil,303,"$26,422.21"
2011,Norway,303,"$25,278.70"
2011,Malaysia,303,"$24,160.59"
2011,Italy,303,"$23,294.41"
2011,Romania,303,"$18,654.83"
2011,Belarus,303,"$17,573.40"
2011,Serbia,303,"$15,973.69"
2011,Slovakia,303,"$14,308.75"
2011,Bosnia and Herzegovina,303,"$13,994.39"
2011,Austria,303,"$13,884.61"
2011,Bulgaria,303,"$13,036.75"
2011,Cuba,303,"$12,000.00"
2011,Israel,303,"$11,675.48"
2011,Mexico,303,"$11,283.00"
2011,Kyrgyzstan,303,"$11,281.99"
2011,Croatia,303,"$10,982.40"
2011,Philippines,303,"$10,636.26"
2011,Macao,303,"$10,327.42"
2011,Peru,303,"$9,316.74"
2011,Chile,303,"$8,009.04"
2011,Turkey,303,"$7,182.92"
2011,Hong Kong,303,"$6,815.84"
2011,New Zealand,303,"$6,010.18"
2011,Czech Republic,303,"$5,841.70"
2011,Switzerland,303,"$5,489.45"
2011,Colombia,303,"$5,000.00"
2011,Iceland,303,"$5,000.00"
2011,Saudi Arabia,303,"$3,972.00"
2011,South Africa,303,"$3,209.35"
2011,Lithuania,303,"$3,137.96"
2011,Hungary,303,"$3,009.57"
2011,United Arab Emirates,303,"$3,003.00"
2011,North Macedonia,303,"$2,730.00"
2011,Uzbekistan,303,"$2,649.59"
2011,Viet Nam,303,"$2,239.40"
2011,Puerto Rico,303,"$2,224.50"
2011,Indonesia,303,"$2,000.00"
2011,Ireland,303,"$1,362.61"
2011,Venezuela,303,"$1,357.14"
2011,Lebanon,303,$666.67
2011,Latvia,303,$482.49
2011,Greece,303,$427.85
2011,Panama,303,$400.00
2011,Armenia,303,$278.60
2011,India,303,$273.00
2011,Pakistan,303,$273.00
2011,"Iran, Islamic Republic of",303,$137.64
2011,Morocco,303,$83.25
2012,"Korea, Republic of",395,"$3,784,693.88"
2012,China,395,"$2,038,215.07"
2012,United States,395,"$1,321,001.03"
2012,"Taiwan, Republic of China",395,"$883,755.48"
2012,Russian Federation,395,"$667,351.08"
2012,Sweden,395,"$509,346.80"
2012,Germany,395,"$461,387.46"
2012,Canada,395,"$459,460.20"
2012,France,395,"$456,151.25"
2012,Ukraine,395,"$332,569.30"
2012,Poland,395,"$311,833.81"
2012,Denmark,395,"$296,399.13"
2012,Malaysia,395,"$284,709.40"
2012,Hong Kong,395,"$213,427.99"
2012,Spain,395,"$198,951.71"
2012,United Kingdom,395,"$186,919.37"
2012,Finland,395,"$111,664.15"
2012,Netherlands,395,"$104,708.41"
2012,Belgium,395,"$93,078.43"
2012,Japan,395,"$92,747.62"
2012,Brazil,395,"$84,210.36"
2012,Singapore,395,"$79,249.31"
2012,Viet Nam,395,"$74,200.01"
2012,Estonia,395,"$66,213.25"
2012,Norway,395,"$65,759.00"
2012,Armenia,395,"$62,677.24"
2012,Philippines,395,"$61,299.50"
2012,Australia,395,"$59,346.14"
2012,Macao,395,"$43,568.82"
2012,Lithuania,395,"$37,862.67"
2012,Belarus,395,"$36,536.89"
2012,Mexico,395,"$31,401.50"
2012,Chile,395,"$25,261.40"
2012,Italy,395,"$24,912.09"
2012,Kazakhstan,395,"$23,333.46"
2012,Croatia,395,"$23,141.80"
2012,Romania,395,"$22,145.41"
2012,Austria,395,"$21,356.71"
2012,Switzerland,395,"$18,666.51"
2012,Portugal,395,"$15,982.90"
2012,Venezuela,395,"$15,046.47"
2012,Peru,395,"$13,654.55"
2012,New Zealand,395,"$13,310.85"
2012,Thailand,395,"$12,788.84"
2012,Israel,395,"$11,869.59"
2012,Serbia,395,"$10,825.60"
2012,Cuba,395,"$10,500.00"
2012,Bulgaria,395,"$9,420.46"
2012,Argentina,395,"$6,907.20"
2012,Slovakia,395,"$6,499.48"
2012,Czech Republic,395,"$5,926.50"
2012,Ireland,395,"$4,494.68"
2012,Turkey,395,"$3,074.43"
2012,Indonesia,395,"$3,000.00"
2012,Azerbaijan,395,"$2,500.00"
2012,India,395,"$2,413.00"
2012,North Macedonia,395,"$2,134.78"
2012,Mongolia,395,"$2,000.00"
2012,Hungary,395,"$1,917.02"
2012,Bosnia and Herzegovina,395,"$1,904.48"
2012,Malta,395,"$1,803.78"
2012,Greece,395,"$1,529.24"
2012,Åland Islands,395,"$1,260.00"
2012,Colombia,395,"$1,200.00"
2012,Puerto Rico,395,$817.50
2012,Lebanon,395,$600.00
2012,Bahrain,395,$500.00
2012,Slovenia,395,$427.25
2012,South Africa,395,$307.47
2012,Iceland,395,$203.54
2012,Costa Rica,395,$150.00
2012,"Iran, Islamic Republic of",395,$128.69
2012,Kuwait,395,$105.32
2012,Latvia,395,$54.63
2012,Morocco,395,$32.60
2012,Saudi Arabia,395,$0.00
2013,"Korea, Republic of",459,"$5,443,207.42"
2013,United States,459,"$3,733,179.59"
2013,Sweden,459,"$2,735,446.17"
2013,China,459,"$2,222,832.74"
2013,Ukraine,459,"$718,294.83"
2013,Russian Federation,459,"$611,375.32"
2013,Germany,459,"$582,964.22"
2013,Canada,459,"$516,178.98"
2013,France,459,"$515,220.55"
2013,Malaysia,459,"$412,760.28"
2013,Denmark,459,"$259,806.44"
2013,"Taiwan, Republic of China",459,"$242,875.01"
2013,Poland,459,"$230,900.25"
2013,Spain,459,"$218,237.47"
2013,Estonia,459,"$217,960.90"
2013,Hong Kong,459,"$208,965.13"
2013,United Kingdom,459,"$195,248.30"
2013,Netherlands,459,"$183,808.59"
2013,Finland,459,"$159,734.73"
2013,Brazil,459,"$135,594.77"
2013,Singapore,459,"$125,155.15"
2013,Philippines,459,"$98,991.12"
2013,Norway,459,"$96,767.62"
2013,Japan,459,"$88,949.70"
2013,Belgium,459,"$86,379.71"
2013,Australia,459,"$80,166.21"
2013,Lithuania,459,"$79,249.81"
2013,Mexico,459,"$68,384.71"
2013,Turkey,459,"$57,515.46"
2013,Ireland,459,"$52,043.87"
2013,Viet Nam,459,"$43,867.99"
2013,Bulgaria,459,"$38,655.02"
2013,Belarus,459,"$34,410.13"
2013,Italy,459,"$34,358.80"
2013,Czech Republic,459,"$30,352.06"
2013,Thailand,459,"$27,498.09"
2013,Kazakhstan,459,"$26,496.01"
2013,Israel,459,"$26,195.66"
2013,Armenia,459,"$17,287.45"
2013,Macao,459,"$16,213.62"
2013,Romania,459,"$15,884.02"
2013,Morocco,459,"$15,709.47"
2013,Serbia,459,"$14,832.88"
2013,Switzerland,459,"$13,925.27"
2013,Argentina,459,"$13,522.94"
2013,Greece,459,"$12,994.95"
2013,Peru,459,"$12,179.66"
2013,Indonesia,459,"$11,000.00"
2013,"Iran, Islamic Republic of",459,"$10,785.88"
2013,Venezuela,459,"$10,465.16"
2013,Austria,459,"$10,173.00"
2013,Slovakia,459,"$9,532.80"
2013,Portugal,459,"$8,893.51"
2013,Croatia,459,"$8,767.97"
2013,Azerbaijan,459,"$7,900.00"
2013,Hungary,459,"$6,363.66"
2013,Uruguay,459,"$6,000.00"
2013,Chile,459,"$5,948.79"
2013,Bosnia and Herzegovina,459,"$5,061.94"
2013,"Moldova, Republic of",459,"$4,008.57"
2013,Slovenia,459,"$3,807.28"
2013,Puerto Rico,459,"$3,538.10"
2013,New Zealand,459,"$3,527.05"
2013,Cuba,459,"$3,000.00"
2013,Malta,459,"$2,536.00"
2013,Kuwait,459,"$2,000.00"
2013,Åland Islands,459,"$1,477.38"
2013,United Arab Emirates,459,"$1,200.00"
2013,Iceland,459,$820.90
2013,Jordan,459,$800.00
2013,Paraguay,459,$600.00
2013,North Macedonia,459,$550.00
2013,Latvia,459,$533.83
2013,Bolivia,459,$451.60
2013,Costa Rica,459,$400.00
2013,Saudi Arabia,459,$255.00
2013,Albania,459,$216.77
2013,Faroe Islands,459,$40.00
2014,China,420,"$12,107,983.81"
2014,"Korea, Republic of",420,"$5,678,949.55"
2014,United States,420,"$4,044,118.36"
2014,Sweden,420,"$2,133,514.58"
2014,Canada,420,"$1,427,151.96"
2014,Russian Federation,420,"$1,171,161.91"
2014,Ukraine,420,"$1,005,724.64"
2014,Germany,420,"$895,266.04"
2014,"Taiwan, Republic of China",420,"$796,684.57"
2014,France,420,"$669,628.38"
2014,Denmark,420,"$669,605.85"
2014,Malaysia,420,"$569,737.63"
2014,Poland,420,"$463,108.47"
2014,Singapore,420,"$436,748.88"
2014,Netherlands,420,"$358,262.43"
2014,United Kingdom,420,"$309,109.19"
2014,Romania,420,"$308,106.44"
2014,Australia,420,"$251,144.53"
2014,Finland,420,"$237,887.80"
2014,Brazil,420,"$234,618.15"
2014,Estonia,420,"$229,422.58"
2014,Norway,420,"$197,287.00"
2014,Spain,420,"$193,625.17"
2014,Japan,420,"$165,895.30"
2014,Macao,420,"$149,017.41"
2014,Turkey,420,"$142,183.93"
2014,Philippines,420,"$130,797.34"
2014,Viet Nam,420,"$126,849.33"
2014,Hong Kong,420,"$125,949.44"
2014,Mexico,420,"$97,489.81"
2014,Belarus,420,"$95,383.61"
2014,Israel,420,"$64,725.19"
2014,Belgium,420,"$62,153.69"
2014,Argentina,420,"$56,007.12"
2014,Greece,420,"$52,555.15"
2014,Thailand,420,"$49,950.17"
2014,Peru,420,"$43,229.50"
2014,Chile,420,"$39,469.83"
2014,Hungary,420,"$35,334.65"
2014,Slovakia,420,"$34,674.33"
2014,Czech Republic,420,"$34,419.75"
2014,Kazakhstan,420,"$30,581.57"
2014,"Moldova, Republic of",420,"$28,639.52"
2014,Morocco,420,"$23,822.38"
2014,Austria,420,"$23,074.72"
2014,Italy,420,"$21,453.36"
2014,Portugal,420,"$21,327.72"
2014,Switzerland,420,"$18,331.49"
2014,Uruguay,420,"$17,257.19"
2014,Bulgaria,420,"$17,156.36"
2014,Venezuela,420,"$15,935.35"
2014,Ireland,420,"$14,434.81"
2014,Serbia,420,"$13,339.07"
2014,New Zealand,420,"$11,895.00"
2014,Indonesia,420,"$10,572.25"
2014,Colombia,420,"$9,800.00"
2014,Lithuania,420,"$9,591.14"
2014,Croatia,420,"$9,467.73"
2014,Slovenia,420,"$7,466.79"
2014,Armenia,420,"$5,300.00"
2014,Tunisia,420,"$5,137.02"
2014,Latvia,420,"$4,694.70"
2014,Malta,420,"$4,612.88"
2014,South Africa,420,"$4,270.20"
2014,"Iran, Islamic Republic of",420,"$4,128.87"
2014,Bolivia,420,"$3,911.60"
2014,Iceland,420,"$3,834.31"
2014,Bosnia and Herzegovina,420,"$3,532.71"
2014,Azerbaijan,420,"$3,500.00"
2014,Costa Rica,420,"$3,500.00"
2014,Panama,420,"$3,500.00"
2014,Cuba,420,"$3,400.00"
2014,Iraq,420,"$2,600.00"
2014,India,420,"$2,152.27"
2014,Puerto Rico,420,"$2,102.07"
2014,Mongolia,420,"$1,274.00"
2014,Ecuador,420,"$1,200.00"
2014,Saudi Arabia,420,$981.33
2014,Afghanistan,420,$632.46
2014,Albania,420,$527.07
2014,Georgia,420,$500.00
2014,Luxembourg,420,$411.45
2014,Bahrain,420,$373.34
2014,North Macedonia,420,$227.10
2014,Montenegro,420,$187.05
2014,Brunei Darussalam,420,$91.60
2014,Cyprus,420,$31.15
2015,China,708,"$14,205,015.02"
2015,United States,708,"$13,222,465.48"
2015,"Korea, Republic of",708,"$6,572,373.65"
2015,Sweden,708,"$4,027,982.58"
2015,Canada,708,"$3,726,324.21"
2015,Denmark,708,"$2,266,478.69"
2015,Russian Federation,708,"$2,105,759.10"
2015,Ukraine,708,"$2,025,030.52"
2015,Pakistan,708,"$1,731,607.74"
2015,Germany,708,"$1,718,398.06"
2015,France,708,"$1,454,604.42"
2015,United Kingdom,708,"$1,005,198.42"
2015,Poland,708,"$953,988.50"
2015,Singapore,708,"$859,627.33"
2015,"Taiwan, Republic of China",708,"$680,553.66"
2015,Japan,708,"$579,881.36"
2015,Brazil,708,"$557,948.84"
2015,Malaysia,708,"$514,344.84"
2015,Australia,708,"$507,429.95"
2015,Estonia,708,"$479,092.36"
2015,Belarus,708,"$468,623.04"
2015,Netherlands,708,"$457,800.03"
2015,Romania,708,"$374,350.91"
2015,Finland,708,"$359,220.14"
2015,Spain,708,"$356,956.26"
2015,Macao,708,"$319,566.58"
2015,Israel,708,"$306,483.00"
2015,Philippines,708,"$299,276.62"
2015,Thailand,708,"$289,099.74"
2015,Norway,708,"$270,008.73"
2015,Jordan,708,"$254,906.87"
2015,Viet Nam,708,"$241,036.65"
2015,Bulgaria,708,"$169,266.53"
2015,Portugal,708,"$152,119.48"
2015,Slovakia,708,"$132,579.52"
2015,Belgium,708,"$113,820.40"
2015,Mexico,708,"$113,404.25"
2015,Greece,708,"$112,868.33"
2015,Chile,708,"$111,271.73"
2015,Hong Kong,708,"$103,969.03"
2015,Peru,708,"$91,616.69"
2015,Czech Republic,708,"$88,737.31"
2015,Argentina,708,"$88,454.82"
2015,Italy,708,"$75,264.58"
2015,Kazakhstan,708,"$65,086.28"
2015,Serbia,708,"$64,830.58"
2015,Saudi Arabia,708,"$60,388.07"
2015,Turkey,708,"$57,356.61"
2015,Hungary,708,"$49,990.43"
2015,Slovenia,708,"$45,684.60"
2015,Croatia,708,"$38,246.98"
2015,New Zealand,708,"$38,203.26"
2015,South Africa,708,"$36,129.83"
2015,Indonesia,708,"$32,172.69"
2015,Switzerland,708,"$30,116.40"
2015,Venezuela,708,"$29,258.45"
2015,Bosnia and Herzegovina,708,"$27,183.45"
2015,Austria,708,"$24,888.04"
2015,Ireland,708,"$22,929.71"
2015,"Moldova, Republic of",708,"$21,612.81"
2015,North Macedonia,708,"$19,974.49"
2015,Kuwait,708,"$18,134.14"
2015,Iraq,708,"$15,031.98"
2015,Puerto Rico,708,"$11,369.50"
2015,Sri Lanka,708,"$10,572.47"
2015,India,708,"$10,370.52"
2015,Lithuania,708,"$9,569.88"
2015,Latvia,708,"$8,036.93"
2015,Lebanon,708,"$7,858.45"
2015,Colombia,708,"$7,309.38"
2015,Bolivia,708,"$6,529.60"
2015,Afghanistan,708,"$6,126.51"
2015,United Arab Emirates,708,"$5,935.74"
2015,Algeria,708,"$5,915.70"
2015,Malta,708,"$5,370.28"
2015,Iceland,708,"$4,992.93"
2015,Kyrgyzstan,708,"$4,522.39"
2015,Cuba,708,"$3,194.90"
2015,Uruguay,708,"$3,012.01"
2015,Mongolia,708,"$2,852.56"
2015,Nicaragua,708,"$2,584.55"
2015,Azerbaijan,708,"$1,785.35"
2015,Georgia,708,"$1,613.61"
2015,"Iran, Islamic Republic of",708,"$1,394.00"
2015,Morocco,708,"$1,309.41"
2015,Bahrain,708,"$1,289.10"
2015,Tunisia,708,$785.94
2015,Armenia,708,$596.44
2015,Brunei Darussalam,708,$495.90
2015,Egypt,708,$444.53
2015,Dominican Republic,708,$275.60
2015,Albania,708,$137.56
2015,Luxembourg,708,$108.17
2015,Cyprus,708,$107.21
2015,Montenegro,708,$100.01
2015,Uzbekistan,708,$59.17
2015,Faroe Islands,708,$54.01
2015,Panama,708,$47.50
2015,Ecuador,708,$37.50
2015,Jamaica,708,$30.00
2015,Liechtenstein,708,$28.47
2015,Maldives,708,$0.00
2016,China,1163,"$20,105,096.25"
2016,United States,1163,"$15,479,073.20"
2016,"Korea, Republic of",1163,"$12,693,676.49"
2016,Sweden,1163,"$5,370,614.48"
2016,Denmark,1163,"$4,571,635.78"
2016,Canada,1163,"$3,235,446.91"
2016,Brazil,1163,"$2,851,678.24"
2016,Ukraine,1163,"$2,484,810.87"
2016,Germany,1163,"$2,453,368.12"
2016,Russian Federation,1163,"$2,344,314.77"
2016,France,1163,"$2,140,835.08"
2016,Malaysia,1163,"$2,117,110.88"
2016,United Kingdom,1163,"$2,071,272.87"
2016,Poland,1163,"$1,761,734.26"
2016,Australia,1163,"$1,503,057.80"
2016,Finland,1163,"$1,471,397.37"
2016,Philippines,1163,"$1,224,446.06"
2016,Romania,1163,"$1,168,958.53"
2016,"Taiwan, Republic of China",1163,"$928,043.75"
2016,North Macedonia,1163,"$758,973.40"
2016,Pakistan,1163,"$659,804.80"
2016,Greece,1163,"$650,846.41"
2016,Israel,1163,"$602,312.21"
2016,Spain,1163,"$600,272.10"
2016,Norway,1163,"$589,410.14"
2016,Bulgaria,1163,"$556,079.62"
2016,Netherlands,1163,"$539,258.20"
2016,Singapore,1163,"$466,634.68"
2016,Japan,1163,"$461,940.23"
2016,Jordan,1163,"$461,023.45"
2016,Thailand,1163,"$401,226.47"
2016,Estonia,1163,"$332,541.03"
2016,Turkey,1163,"$277,469.58"
2016,Slovakia,1163,"$258,021.78"
2016,Kazakhstan,1163,"$239,824.16"
2016,Belgium,1163,"$235,326.42"
2016,Viet Nam,1163,"$209,823.74"
2016,Hong Kong,1163,"$194,806.49"
2016,New Zealand,1163,"$169,383.43"
2016,Mexico,1163,"$157,198.82"
2016,Czech Republic,1163,"$152,142.30"
2016,South Africa,1163,"$150,501.19"
2016,Italy,1163,"$142,630.93"
2016,Macao,1163,"$141,875.60"
2016,Portugal,1163,"$131,832.58"
2016,Saudi Arabia,1163,"$112,904.65"
2016,Peru,1163,"$111,582.37"
2016,Belarus,1163,"$108,283.03"
2016,Mongolia,1163,"$95,390.38"
2016,Chile,1163,"$94,679.51"
2016,Colombia,1163,"$88,053.77"
2016,Bosnia and Herzegovina,1163,"$83,513.39"
2016,Argentina,1163,"$82,977.02"
2016,Indonesia,1163,"$62,744.46"
2016,Hungary,1163,"$61,262.71"
2016,Croatia,1163,"$57,704.87"
2016,Lithuania,1163,"$57,487.97"
2016,Ireland,1163,"$55,079.83"
2016,Slovenia,1163,"$53,030.17"
2016,India,1163,"$52,399.16"
2016,Serbia,1163,"$50,892.21"
2016,Latvia,1163,"$31,471.63"
2016,Lebanon,1163,"$29,383.32"
2016,United Arab Emirates,1163,"$28,525.73"
2016,Puerto Rico,1163,"$28,080.70"
2016,Austria,1163,"$27,735.30"
2016,Switzerland,1163,"$25,943.19"
2016,Kyrgyzstan,1163,"$23,139.68"
2016,Iceland,1163,"$16,984.89"
2016,Venezuela,1163,"$15,312.23"
2016,Bahrain,1163,"$14,827.85"
2016,Malta,1163,"$12,635.40"
2016,Egypt,1163,"$12,098.50"
2016,Montenegro,1163,"$11,900.00"
2016,"Moldova, Republic of",1163,"$11,831.56"
2016,Cuba,1163,"$10,103.57"
2016,Algeria,1163,"$9,413.65"
2016,Bolivia,1163,"$7,838.32"
2016,Dominican Republic,1163,"$7,764.00"
2016,Iraq,1163,"$6,461.66"
2016,Morocco,1163,"$6,060.16"
2016,Nicaragua,1163,"$5,778.79"
2016,Armenia,1163,"$5,594.08"
2016,Georgia,1163,"$5,383.31"
2016,Uruguay,1163,"$4,869.00"
2016,Kuwait,1163,"$4,735.75"
2016,Albania,1163,"$4,450.00"
2016,Azerbaijan,1163,"$4,258.27"
2016,Cambodia,1163,"$3,507.25"
2016,Panama,1163,"$3,390.73"
2016,Ecuador,1163,"$3,182.55"
2016,Syrian Arab Republic,1163,"$2,696.85"
2016,Tunisia,1163,"$2,334.94"
2016,Bangladesh,1163,"$1,481.31"
2016,Nepal,1163,"$1,111.40"
2016,Kenya,1163,$907.56
2016,"Kosovo, Republic of",1163,$795.29
2016,Sri Lanka,1163,$438.50
2016,Lao People's Democratic Republic,1163,$245.50
2016,Guatemala,1163,$224.00
2016,French Polynesia,1163,$200.63
2016,Uzbekistan,1163,$167.00
2016,Luxembourg,1163,$154.87
2016,Andorra,1163,$151.93
2016,Cyprus,1163,$90.00
2016,Costa Rica,1163,$67.26
2016,Faroe Islands,1163,$50.00
2016,Saint Martin,1163,$50.00
2016,Paraguay,1163,$20.65
2016,"Palestinian Territory, Occupied",1163,$20.00
2016,Mauritius,1163,$10.71
2017,China,1281,"$17,597,204.14"
2017,United States,1281,"$15,405,626.99"
2017,"Korea, Republic of",1281,"$12,196,355.60"
2017,Denmark,1281,"$5,037,183.62"
2017,Germany,1281,"$4,916,428.87"
2017,Sweden,1281,"$4,809,293.35"
2017,Finland,1281,"$3,993,548.13"
2017,France,1281,"$3,851,507.20"
2017,Russian Federation,1281,"$3,698,928.41"
2017,Brazil,1281,"$3,380,164.44"
2017,United Kingdom,1281,"$2,924,445.68"
2017,Canada,1281,"$2,924,425.35"
2017,Ukraine,1281,"$2,815,723.42"
2017,Jordan,1281,"$2,735,011.78"
2017,Bulgaria,1281,"$2,638,139.17"
2017,Australia,1281,"$2,578,286.35"
2017,Lebanon,1281,"$2,450,968.76"
2017,Poland,1281,"$2,399,431.64"
2017,Philippines,1281,"$2,149,289.99"
2017,"Taiwan, Republic of China",1281,"$1,673,484.00"
2017,Malaysia,1281,"$1,119,248.99"
2017,Netherlands,1281,"$1,039,002.17"
2017,Japan,1281,"$904,251.70"
2017,Viet Nam,1281,"$788,367.44"
2017,Norway,1281,"$744,271.80"
2017,Spain,1281,"$655,219.75"
2017,Kazakhstan,1281,"$628,363.53"
2017,Macao,1281,"$560,661.66"
2017,Thailand,1281,"$551,008.18"
2017,Mexico,1281,"$550,572.05"
2017,Turkey,1281,"$486,586.08"
2017,Israel,1281,"$472,886.17"
2017,Italy,1281,"$468,179.67"
2017,Estonia,1281,"$461,646.45"
2017,Slovakia,1281,"$452,552.04"
2017,Belarus,1281,"$417,228.03"
2017,Peru,1281,"$401,148.78"
2017,Singapore,1281,"$389,332.69"
2017,Bosnia and Herzegovina,1281,"$335,652.36"
2017,Czech Republic,1281,"$285,173.49"
2017,Belgium,1281,"$282,377.20"
2017,Pakistan,1281,"$278,396.70"
2017,Dominican Republic,1281,"$270,184.87"
2017,South Africa,1281,"$249,576.58"
2017,Hong Kong,1281,"$248,062.25"
2017,Croatia,1281,"$235,237.93"
2017,Chile,1281,"$215,821.87"
2017,Romania,1281,"$215,296.97"
2017,Portugal,1281,"$206,383.47"
2017,Argentina,1281,"$203,720.58"
2017,Indonesia,1281,"$197,409.15"
2017,Saudi Arabia,1281,"$180,086.05"
2017,New Zealand,1281,"$176,913.10"
2017,Austria,1281,"$174,146.88"
2017,Greece,1281,"$166,093.70"
2017,Serbia,1281,"$165,190.49"
2017,Ireland,1281,"$127,544.72"
2017,Hungary,1281,"$121,696.69"
2017,Switzerland,1281,"$106,492.95"
2017,Lithuania,1281,"$90,130.25"
2017,India,1281,"$85,391.33"
2017,North Macedonia,1281,"$78,116.51"
2017,Puerto Rico,1281,"$74,841.17"
2017,Slovenia,1281,"$62,699.43"
2017,Latvia,1281,"$60,927.95"
2017,United Arab Emirates,1281,"$56,269.99"
2017,Colombia,1281,"$46,634.76"
2017,Bahrain,1281,"$33,195.00"
2017,Algeria,1281,"$32,974.77"
2017,Mongolia,1281,"$32,116.97"
2017,Iraq,1281,"$31,920.60"
2017,Montenegro,1281,"$27,550.00"
2017,Uruguay,1281,"$22,952.49"
2017,Kuwait,1281,"$19,250.07"
2017,Kyrgyzstan,1281,"$15,648.53"
2017,"Moldova, Republic of",1281,"$14,823.32"
2017,Iceland,1281,"$14,681.24"
2017,Armenia,1281,"$13,960.05"
2017,Morocco,1281,"$13,488.70"
2017,Venezuela,1281,"$11,541.34"
2017,Ecuador,1281,"$10,263.49"
2017,Malta,1281,"$9,250.25"
2017,Nicaragua,1281,"$9,091.07"
2017,Tunisia,1281,"$7,291.41"
2017,Egypt,1281,"$6,748.68"
2017,El Salvador,1281,"$6,300.00"
2017,Panama,1281,"$5,457.14"
2017,Cambodia,1281,"$5,415.25"
2017,Gibraltar,1281,"$4,500.00"
2017,Sri Lanka,1281,"$3,663.40"
2017,Uzbekistan,1281,"$3,512.18"
2017,Georgia,1281,"$3,256.13"
2017,Azerbaijan,1281,"$3,136.66"
2017,Guatemala,1281,"$2,884.54"
2017,Albania,1281,"$2,868.16"
2017,Bolivia,1281,"$2,108.25"
2017,Syrian Arab Republic,1281,"$1,606.37"
2017,Cuba,1281,"$1,155.00"
2017,Lao People's Democratic Republic,1281,"$1,033.89"
2017,Bangladesh,1281,$935.65
2017,"Kosovo, Republic of",1281,$834.33
2017,"Palestinian Territory, Occupied",1281,$659.32
2017,Trinidad and Tobago,1281,$594.75
2017,Kenya,1281,$575.06
2017,Madagascar,1281,$458.00
2017,"Iran, Islamic Republic of",1281,$381.60
2017,Åland Islands,1281,$250.00
2017,Ethiopia,1281,$139.99
2017,Andorra,1281,$139.71
2017,Luxembourg,1281,$130.65
2017,New Caledonia,1281,$112.97
2017,Monaco,1281,$112.50
2017,Paraguay,1281,$112.50
2017,Bahamas,1281,$66.00
2017,Costa Rica,1281,$49.65
2017,French Polynesia,1281,$45.00
2017,Cyprus,1281,$33.33
2017,Saint Kitts and Nevis,1281,$20.00
2017,Faroe Islands,1281,$11.55
2018,United States,4161,"$30,022,950.48"
2018,China,4161,"$20,907,308.75"
2018,"Korea, Republic of",4161,"$14,392,866.85"
2018,Denmark,4161,"$10,613,229.61"
2018,Finland,4161,"$7,567,419.61"
2018,Russian Federation,4161,"$7,122,529.94"
2018,Sweden,4161,"$6,486,915.46"
2018,France,4161,"$6,475,985.36"
2018,Canada,4161,"$5,160,172.26"
2018,Germany,4161,"$4,497,278.92"
2018,Australia,4161,"$4,257,868.87"
2018,Brazil,4161,"$3,583,823.99"
2018,United Kingdom,4161,"$3,216,741.53"
2018,Poland,4161,"$3,087,524.77"
2018,Japan,4161,"$2,806,104.47"
2018,Ukraine,4161,"$2,659,964.41"
2018,Malaysia,4161,"$2,360,173.40"
2018,"Taiwan, Republic of China",4161,"$2,122,008.36"
2018,Netherlands,4161,"$1,949,220.83"
2018,Thailand,4161,"$1,794,321.62"
2018,Bulgaria,4161,"$1,368,281.44"
2018,Turkey,4161,"$1,284,592.36"
2018,Philippines,4161,"$1,229,080.77"
2018,Jordan,4161,"$1,141,507.52"
2018,Norway,4161,"$1,114,570.13"
2018,Spain,4161,"$1,058,500.84"
2018,Israel,4161,"$987,090.90"
2018,Pakistan,4161,"$896,847.68"
2018,Belgium,4161,"$872,594.49"
2018,Viet Nam,4161,"$866,480.91"
2018,Saudi Arabia,4161,"$788,281.26"
2018,Czech Republic,4161,"$740,035.59"
2018,Estonia,4161,"$687,258.24"
2018,Lebanon,4161,"$683,309.41"
2018,Singapore,4161,"$582,949.43"
2018,Italy,4161,"$536,612.18"
2018,Indonesia,4161,"$525,318.19"
2018,Switzerland,4161,"$498,466.99"
2018,Slovakia,4161,"$486,497.52"
2018,Mexico,4161,"$479,677.07"
2018,Argentina,4161,"$382,633.62"
2018,Kazakhstan,4161,"$377,398.06"
2018,Greece,4161,"$348,845.93"
2018,Hungary,4161,"$342,325.35"
2018,Belarus,4161,"$301,008.50"
2018,Lithuania,4161,"$277,375.49"
2018,New Zealand,4161,"$268,117.54"
2018,Portugal,4161,"$267,451.26"
2018,Hong Kong,4161,"$265,120.90"
2018,South Africa,4161,"$261,704.34"
2018,Croatia,4161,"$252,394.55"
2018,Austria,4161,"$250,259.70"
2018,Bosnia and Herzegovina,4161,"$233,158.45"
2018,Romania,4161,"$222,821.73"
2018,Latvia,4161,"$220,604.77"
2018,Serbia,4161,"$209,913.94"
2018,Peru,4161,"$199,527.19"
2018,Ireland,4161,"$186,897.46"
2018,Macao,4161,"$172,004.08"
2018,Slovenia,4161,"$154,428.49"
2018,India,4161,"$135,606.73"
2018,Chile,4161,"$120,253.79"
2018,Gibraltar,4161,"$119,304.51"
2018,Colombia,4161,"$96,382.49"
2018,Dominican Republic,4161,"$84,988.56"
2018,United Arab Emirates,4161,"$70,638.86"
2018,"Moldova, Republic of",4161,"$64,777.79"
2018,Puerto Rico,4161,"$60,215.12"
2018,Kyrgyzstan,4161,"$54,299.99"
2018,Malta,4161,"$53,229.74"
2018,Tunisia,4161,"$49,326.16"
2018,Mongolia,4161,"$47,936.18"
2018,Iceland,4161,"$46,985.95"
2018,Armenia,4161,"$44,238.58"
2018,"Palestinian Territory, Occupied",4161,"$38,889.50"
2018,Kuwait,4161,"$37,352.09"
2018,North Macedonia,4161,"$35,699.14"
2018,Uruguay,4161,"$30,039.56"
2018,Cuba,4161,"$29,423.75"
2018,Morocco,4161,"$28,541.98"
2018,Panama,4161,"$27,085.00"
2018,Venezuela,4161,"$24,318.50"
2018,Montenegro,4161,"$23,742.98"
2018,Ethiopia,4161,"$22,796.63"
2018,Egypt,4161,"$15,794.49"
2018,Algeria,4161,"$9,893.29"
2018,Faroe Islands,4161,"$9,070.05"
2018,Bolivia,4161,"$7,460.44"
2018,Uzbekistan,4161,"$7,430.59"
2018,Lao People's Democratic Republic,4161,"$6,516.80"
2018,Bahrain,4161,"$5,867.82"
2018,Syrian Arab Republic,4161,"$5,810.26"
2018,Myanmar,4161,"$5,525.00"
2018,Azerbaijan,4161,"$5,435.21"
2018,Mauritius,4161,"$5,344.33"
2018,"Iran, Islamic Republic of",4161,"$4,796.50"
2018,Iraq,4161,"$4,548.82"
2018,Luxembourg,4161,"$4,542.53"
2018,Nicaragua,4161,"$3,802.88"
2018,Georgia,4161,"$3,799.88"
2018,Guatemala,4161,"$3,753.33"
2018,Afghanistan,4161,"$3,000.00"
2018,Brunei Darussalam,4161,"$2,472.00"
2018,Cambodia,4161,"$2,250.00"
2018,Ecuador,4161,"$1,593.33"
2018,Greenland,4161,"$1,500.00"
2018,"Kosovo, Republic of",4161,"$1,276.00"
2018,Albania,4161,"$1,247.85"
2018,Costa Rica,4161,"$1,144.56"
2018,New Caledonia,4161,"$1,000.00"
2018,Bangladesh,4161,$600.00
2018,Qatar,4161,$570.28
2018,Trinidad and Tobago,4161,$543.38
2018,Zambia,4161,$411.24
2018,El Salvador,4161,$409.72
2018,Sri Lanka,4161,$285.14
2018,Bermuda,4161,$200.00
2018,Bahamas,4161,$197.00
2018,Maldives,4161,$121.54
2018,Yemen,4161,$120.00
2018,Monaco,4161,$113.00
2018,Paraguay,4161,$54.94
2018,United States Minor Outlying Islands,4161,$30.00
2018,Isle of Man,4161,$15.00
2019,United States,5734,"$44,736,538.58"
2019,China,5734,"$23,232,756.54"
2019,"Korea, Republic of",5734,"$16,861,526.44"
2019,France,5734,"$10,505,902.07"
2019,Finland,5734,"$9,883,816.96"
2019,Denmark,5734,"$9,566,236.29"
2019,Sweden,5734,"$6,876,246.47"
2019,Canada,5734,"$6,869,158.75"
2019,United Kingdom,5734,"$6,857,472.94"
2019,Australia,5734,"$6,682,306.86"
2019,Germany,5734,"$6,106,222.43"
2019,Brazil,5734,"$5,952,106.59"
2019,Russian Federation,5734,"$5,833,499.25"
2019,Norway,5734,"$3,522,723.33"
2019,Japan,5734,"$3,440,128.68"
2019,Netherlands,5734,"$3,189,573.65"
2019,"Taiwan, Republic of China",5734,"$2,924,515.62"
2019,Poland,5734,"$2,919,889.88"
2019,Philippines,5734,"$2,875,200.70"
2019,Austria,5734,"$2,790,665.34"
2019,Bulgaria,5734,"$2,297,050.70"
2019,Malaysia,5734,"$2,250,376.48"
2019,Thailand,5734,"$2,236,033.62"
2019,Argentina,5734,"$2,162,963.12"
2019,Spain,5734,"$1,862,960.89"
2019,Jordan,5734,"$1,753,186.25"
2019,Ukraine,5734,"$1,450,885.70"
2019,Indonesia,5734,"$1,349,453.84"
2019,Viet Nam,5734,"$1,203,605.25"
2019,Italy,5734,"$1,173,781.10"
2019,Lebanon,5734,"$1,164,813.58"
2019,Romania,5734,"$1,057,326.31"
2019,Belgium,5734,"$1,032,762.85"
2019,Estonia,5734,"$1,004,952.87"
2019,Peru,5734,"$975,116.12"
2019,Switzerland,5734,"$905,102.89"
2019,Mexico,5734,"$807,291.52"
2019,Saudi Arabia,5734,"$775,480.23"
2019,Turkey,5734,"$754,036.02"
2019,New Zealand,5734,"$726,061.38"
2019,Pakistan,5734,"$638,527.76"
2019,Czech Republic,5734,"$595,071.74"
2019,Israel,5734,"$587,547.60"
2019,Kazakhstan,5734,"$525,487.30"
2019,India,5734,"$522,026.12"
2019,Hong Kong,5734,"$510,307.26"
2019,Belarus,5734,"$484,900.01"
2019,Portugal,5734,"$439,849.04"
2019,Slovakia,5734,"$407,749.68"
2019,Slovenia,5734,"$403,584.51"
2019,Lithuania,5734,"$366,203.28"
2019,Singapore,5734,"$361,754.56"
2019,Kyrgyzstan,5734,"$274,785.80"
2019,Latvia,5734,"$253,955.15"
2019,Bosnia and Herzegovina,5734,"$244,488.99"
2019,Serbia,5734,"$236,931.34"
2019,Hungary,5734,"$222,763.42"
2019,Greece,5734,"$221,316.08"
2019,Croatia,5734,"$216,619.38"
2019,Ireland,5734,"$214,269.87"
2019,Bolivia,5734,"$202,851.83"
2019,Chile,5734,"$182,911.70"
2019,Macao,5734,"$178,619.29"
2019,Tunisia,5734,"$149,016.17"
2019,United Arab Emirates,5734,"$138,271.02"
2019,North Macedonia,5734,"$121,336.88"
2019,South Africa,5734,"$114,448.11"
2019,Uzbekistan,5734,"$104,153.93"
2019,Egypt,5734,"$88,524.20"
2019,Puerto Rico,5734,"$77,721.74"
2019,Afghanistan,5734,"$74,245.60"
2019,Uruguay,5734,"$73,582.41"
2019,Mongolia,5734,"$65,371.08"
2019,Iceland,5734,"$63,533.38"
2019,Iraq,5734,"$60,854.70"
2019,Dominican Republic,5734,"$56,174.87"
2019,Colombia,5734,"$54,521.26"
2019,Cuba,5734,"$42,267.33"
2019,Montenegro,5734,"$39,016.88"
2019,Malta,5734,"$38,526.34"
2019,Costa Rica,5734,"$35,986.67"
2019,"Kosovo, Republic of",5734,"$33,558.09"
2019,Luxembourg,5734,"$33,167.34"
2019,Cambodia,5734,"$31,473.76"
2019,Azerbaijan,5734,"$31,367.62"
2019,Albania,5734,"$30,459.64"
2019,"Iran, Islamic Republic of",5734,"$28,156.74"
2019,Morocco,5734,"$24,967.19"
2019,Myanmar,5734,"$23,298.97"
2019,Armenia,5734,"$22,637.41"
2019,Syrian Arab Republic,5734,"$21,515.00"
2019,Algeria,5734,"$19,383.33"
2019,Georgia,5734,"$17,385.10"
2019,Nepal,5734,"$14,016.64"
2019,Kuwait,5734,"$13,611.09"
2019,Bahrain,5734,"$13,479.49"
2019,"Moldova, Republic of",5734,"$12,643.10"
2019,Guatemala,5734,"$11,219.92"
2019,Paraguay,5734,"$8,920.03"
2019,Oman,5734,"$8,900.00"
2019,Venezuela,5734,"$8,643.37"
2019,Greenland,5734,"$7,525.00"
2019,Lao People's Democratic Republic,5734,"$6,286.59"
2019,Qatar,5734,"$5,747.26"
2019,Nicaragua,5734,"$5,563.83"
2019,"Palestinian Territory, Occupied",5734,"$4,517.63"
2019,Ecuador,5734,"$3,749.84"
2019,Ghana,5734,"$2,808.76"
2019,Brunei Darussalam,5734,"$2,694.00"
2019,Gibraltar,5734,"$2,400.00"
2019,New Caledonia,5734,"$2,000.00"
2019,Panama,5734,"$1,338.51"
2019,Honduras,5734,"$1,336.87"
2019,Zambia,5734,"$1,224.20"
2019,Jamaica,5734,$838.63
2019,Senegal,5734,$750.00
2019,Ethiopia,5734,$733.33
2019,Andorra,5734,$648.62
2019,Monaco,5734,$450.00
2019,Belize,5734,$250.00
2019,Turkmenistan,5734,$220.40
2019,Sri Lanka,5734,$210.00
2019,Bangladesh,5734,$200.00
2019,Kenya,5734,$150.00
2019,Faroe Islands,5734,$100.00
2019,Côte D'Ivoire,5734,$71.90
2019,Jersey,5734,$60.00
2019,Liechtenstein,5734,$28.00
2019,Aruba,5734,$14.17
2020,United States,4934,"$23,290,282.41"
2020,China,4934,"$21,553,726.65"
2020,"Korea, Republic of",4934,"$10,293,371.96"
2020,France,4934,"$5,151,027.34"
2020,Brazil,4934,"$4,956,610.30"
2020,United Kingdom,4934,"$4,620,822.48"
2020,Russian Federation,4934,"$4,495,855.89"
2020,Denmark,4934,"$4,103,403.21"
2020,Germany,4934,"$4,047,454.28"
2020,Canada,4934,"$3,751,466.79"
2020,Sweden,4934,"$2,726,615.46"
2020,Thailand,4934,"$2,679,496.71"
2020,Japan,4934,"$2,309,566.90"
2020,Australia,4934,"$2,293,908.02"
2020,Poland,4934,"$1,805,764.35"
2020,"Taiwan, Republic of China",4934,"$1,799,093.05"
2020,Finland,4934,"$1,734,937.78"
2020,Indonesia,4934,"$1,371,251.20"
2020,Netherlands,4934,"$1,317,274.93"
2020,Ukraine,4934,"$1,277,824.88"
2020,Norway,4934,"$1,252,663.08"
2020,Spain,4934,"$1,219,963.63"
2020,Viet Nam,4934,"$1,179,327.22"
2020,Turkey,4934,"$861,123.76"
2020,Saudi Arabia,4934,"$771,059.80"
2020,Italy,4934,"$735,001.83"
2020,Mexico,4934,"$707,939.05"
2020,Argentina,4934,"$665,938.38"
2020,Philippines,4934,"$640,396.87"
2020,Bulgaria,4934,"$622,259.84"
2020,Malaysia,4934,"$586,032.88"
2020,Czech Republic,4934,"$583,641.14"
2020,Kazakhstan,4934,"$496,266.45"
2020,Singapore,4934,"$488,530.93"
2020,Estonia,4934,"$450,843.33"
2020,Belgium,4934,"$447,426.84"
2020,Slovenia,4934,"$432,666.95"
2020,Jordan,4934,"$427,634.50"
2020,Austria,4934,"$410,238.30"
2020,Portugal,4934,"$385,225.31"
2020,Peru,4934,"$321,481.76"
2020,Slovakia,4934,"$315,525.57"
2020,India,4934,"$314,706.51"
2020,Belarus,4934,"$303,210.68"
2020,Israel,4934,"$291,318.93"
2020,Latvia,4934,"$257,811.48"
2020,Romania,4934,"$251,697.65"
2020,New Zealand,4934,"$250,523.27"
2020,Chile,4934,"$239,517.70"
2020,Lithuania,4934,"$226,138.48"
2020,Greece,4934,"$224,888.05"
2020,Hungary,4934,"$216,148.87"
2020,Switzerland,4934,"$211,911.38"
2020,Hong Kong,4934,"$203,738.21"
2020,Croatia,4934,"$192,830.57"
2020,Serbia,4934,"$183,549.61"
2020,Bosnia and Herzegovina,4934,"$173,888.88"
2020,Mongolia,4934,"$164,044.80"
2020,Uzbekistan,4934,"$144,081.66"
2020,Lebanon,4934,"$140,583.74"
2020,"Iran, Islamic Republic of",4934,"$134,234.27"
2020,Ireland,4934,"$132,678.61"
2020,South Africa,4934,"$124,943.49"
2020,North Macedonia,4934,"$115,016.83"
2020,Armenia,4934,"$112,713.43"
2020,Pakistan,4934,"$110,255.79"
2020,"Moldova, Republic of",4934,"$97,570.22"
2020,Kyrgyzstan,4934,"$93,598.60"
2020,Colombia,4934,"$83,309.62"
2020,Macao,4934,"$71,406.66"
2020,Puerto Rico,4934,"$57,678.40"
2020,Georgia,4934,"$49,219.75"
2020,Bahrain,4934,"$45,550.00"
2020,Cuba,4934,"$45,336.82"
2020,Egypt,4934,"$45,088.76"
2020,Azerbaijan,4934,"$44,031.05"
2020,Montenegro,4934,"$40,333.23"
2020,Morocco,4934,"$39,389.56"
2020,Afghanistan,4934,"$37,720.00"
2020,"Kosovo, Republic of",4934,"$35,166.85"
2020,Bolivia,4934,"$31,853.07"
2020,Albania,4934,"$29,865.78"
2020,Syrian Arab Republic,4934,"$29,623.10"
2020,Dominican Republic,4934,"$25,176.62"
2020,Costa Rica,4934,"$23,527.50"
2020,Uruguay,4934,"$22,860.86"
2020,Nepal,4934,"$22,851.82"
2020,Venezuela,4934,"$22,539.64"
2020,Bangladesh,4934,"$21,793.56"
2020,United Arab Emirates,4934,"$21,786.55"
2020,Iceland,4934,"$21,191.79"
2020,Lao People's Democratic Republic,4934,"$20,807.76"
2020,Guatemala,4934,"$19,592.50"
2020,Iraq,4934,"$18,515.89"
2020,Brunei Darussalam,4934,"$18,399.99"
2020,Tunisia,4934,"$15,300.60"
2020,Myanmar,4934,"$13,863.00"
2020,Oman,4934,"$12,370.00"
2020,Ecuador,4934,"$11,023.71"
2020,Luxembourg,4934,"$10,677.42"
2020,Algeria,4934,"$8,292.54"
2020,Kuwait,4934,"$7,925.00"
2020,Malta,4934,"$7,898.62"
2020,Cambodia,4934,"$4,500.00"
2020,Nicaragua,4934,"$4,117.48"
2020,Paraguay,4934,"$3,971.15"
2020,Yemen,4934,"$3,720.00"
2020,Sri Lanka,4934,"$2,400.00"
2020,Qatar,4934,"$2,033.33"
2020,Panama,4934,"$1,828.00"
2020,Cyprus,4934,"$1,315.84"
2020,Gibraltar,4934,$900.00
2020,"Palestinian Territory, Occupied",4934,$600.00
2020,New Caledonia,4934,$300.00
2020,Faroe Islands,4934,$200.00
2020,Guernsey,4934,$100.00
2020,Jamaica,4934,$75.75
2020,Isle of Man,4934,$60.00
2020,Saint Barthélemy,4934,$7.63
2020,Monaco,4934,$1.17
2021,China,1277,"$45,583,875.64"
2021,United States,1277,"$23,319,118.75"
2021,Russian Federation,1277,"$22,264,551.68"
2021,"Korea, Republic of",1277,"$12,359,340.19"
2021,Ukraine,1277,"$10,350,054.85"
2021,Japan,1277,"$8,073,701.78"
2021,Brazil,1277,"$7,145,103.13"
2021,United Kingdom,1277,"$5,965,125.02"
2021,France,1277,"$5,512,456.15"
2021,Denmark,1277,"$5,349,250.75"
2021,Canada,1277,"$4,343,530.41"
2021,Thailand,1277,"$4,121,280.71"
2021,Germany,1277,"$3,957,479.31"
2021,Sweden,1277,"$3,488,195.73"
2021,Poland,1277,"$3,341,358.86"
2021,Malaysia,1277,"$3,068,235.05"
2021,Philippines,1277,"$3,009,833.78"
2021,Finland,1277,"$2,702,434.18"
2021,Indonesia,1277,"$2,634,129.44"
2021,Australia,1277,"$2,390,891.41"
2021,"Taiwan, Republic of China",1277,"$2,160,876.90"
2021,Turkey,1277,"$1,995,906.99"
2021,Viet Nam,1277,"$1,949,888.12"
2021,Spain,1277,"$1,658,620.47"
2021,Peru,1277,"$1,322,086.66"
2021,Netherlands,1277,"$1,269,215.44"
2021,Norway,1277,"$1,196,708.23"
2021,Saudi Arabia,1277,"$1,048,845.15"
2021,Argentina,1277,"$1,045,798.10"
2021,Czech Republic,1277,"$932,102.33"
2021,Singapore,1277,"$926,680.49"
2021,Kazakhstan,1277,"$915,835.37"
2021,Italy,1277,"$869,978.37"
2021,Estonia,1277,"$860,190.20"
2021,Jordan,1277,"$831,063.05"
2021,Mexico,1277,"$760,031.11"
2021,Bulgaria,1277,"$694,382.42"
2021,India,1277,"$671,269.52"
2021,Slovenia,1277,"$644,169.04"
2021,Slovakia,1277,"$617,196.29"
2021,Mongolia,1277,"$566,776.92"
2021,Lithuania,1277,"$518,827.00"
2021,Pakistan,1277,"$503,395.88"
2021,Belarus,1277,"$501,705.79"
2021,Chile,1277,"$493,463.28"
2021,Belgium,1277,"$472,989.29"
2021,Israel,1277,"$453,603.22"
2021,Portugal,1277,"$442,833.55"
2021,"Moldova, Republic of",1277,"$399,008.05"
2021,Switzerland,1277,"$398,623.14"
2021,Croatia,1277,"$384,693.87"
2021,North Macedonia,1277,"$350,392.20"
2021,Austria,1277,"$343,237.00"
2021,Bosnia and Herzegovina,1277,"$328,655.31"
2021,Serbia,1277,"$305,649.11"
2021,Hong Kong,1277,"$289,021.97"
2021,Romania,1277,"$276,111.49"
2021,Latvia,1277,"$255,284.36"
2021,South Africa,1277,"$245,787.37"
2021,Azerbaijan,1277,"$225,270.32"
2021,Uruguay,1277,"$215,894.67"
2021,Hungary,1277,"$212,781.96"
2021,Greece,1277,"$191,273.11"
2021,Bolivia,1277,"$188,687.66"
2021,New Zealand,1277,"$171,711.92"
2021,Armenia,1277,"$162,057.23"
2021,Ireland,1277,"$150,647.39"
2021,Colombia,1277,"$148,525.96"
2021,Nepal,1277,"$141,441.75"
2021,Morocco,1277,"$134,076.53"
2021,Lebanon,1277,"$126,457.30"
2021,Myanmar,1277,"$118,694.75"
2021,Egypt,1277,"$101,197.03"
2021,Uzbekistan,1277,"$100,950.00"
2021,Iraq,1277,"$96,647.26"
2021,Georgia,1277,"$84,294.07"
2021,"Iran, Islamic Republic of",1277,"$83,077.79"
2021,Syrian Arab Republic,1277,"$81,693.20"
2021,Afghanistan,1277,"$76,333.33"
2021,Algeria,1277,"$74,908.44"
2021,Puerto Rico,1277,"$73,398.17"
2021,"Kosovo, Republic of",1277,"$70,481.87"
2021,Ecuador,1277,"$64,816.89"
2021,Bangladesh,1277,"$57,860.29"
2021,Kyrgyzstan,1277,"$53,675.77"
2021,Venezuela,1277,"$51,524.08"
2021,Dominican Republic,1277,"$50,232.32"
2021,Senegal,1277,"$40,052.50"
2021,Cambodia,1277,"$36,750.00"
2021,Albania,1277,"$33,055.37"
2021,Tunisia,1277,"$31,540.43"
2021,United Arab Emirates,1277,"$30,704.47"
2021,Cuba,1277,"$28,241.58"
2021,Macao,1277,"$25,892.58"
2021,Lao People's Democratic Republic,1277,"$24,444.32"
2021,Kuwait,1277,"$22,493.15"
2021,Nicaragua,1277,"$21,231.36"
2021,Guatemala,1277,"$21,122.05"
2021,Montenegro,1277,"$20,767.50"
2021,Iceland,1277,"$16,879.26"
2021,Luxembourg,1277,"$13,984.72"
2021,Bahrain,1277,"$11,231.46"
2021,Costa Rica,1277,"$10,810.00"
2021,Malta,1277,"$10,369.90"
2021,Honduras,1277,"$8,740.00"
2021,Yemen,1277,"$5,170.00"
2021,Sri Lanka,1277,"$5,166.20"
2021,"Tanzania, United Republic of",1277,"$4,500.00"
2021,Monaco,1277,"$4,375.00"
2021,Qatar,1277,"$2,558.25"
2021,Panama,1277,"$2,300.00"
2021,"Palestinian Territory, Occupied",1277,"$1,750.00"
2021,French Polynesia,1277,"$1,500.00"
2021,Angola,1277,"$1,200.00"
2021,Brunei Darussalam,1277,"$1,041.67"
2021,Guyana,1277,$700.00
2021,Paraguay,1277,$427.00
2021,Isle of Man,1277,$410.00
2021,Jamaica,1277,$226.00
2021,Gibraltar,1277,$225.00
2021,Mauritius,1277,$175.00
2021,Guernsey,1277,$159.90
2021,Wallis And Futuna,1277,$100.00
2021,Zimbabwe,1277,$100.00
2022,China,579,"$5,255,033.86"
2022,United States,579,"$3,809,757.41"
2022,Russian Federation,579,"$2,633,903.50"
2022,"Korea, Republic of",579,"$1,964,041.06"
2022,Brazil,579,"$1,783,868.32"
2022,Japan,579,"$1,262,512.64"
2022,Denmark,579,"$984,679.25"
2022,"Taiwan, Republic of China",579,"$863,001.71"
2022,Canada,579,"$851,165.96"
2022,Germany,579,"$822,065.46"
2022,Thailand,579,"$798,206.43"
2022,France,579,"$658,212.72"
2022,Malaysia,579,"$614,038.30"
2022,Philippines,579,"$602,969.63"
2022,United Kingdom,579,"$564,743.17"
2022,Peru,579,"$557,673.33"
2022,Indonesia,579,"$516,319.10"
2022,Ukraine,579,"$479,217.22"
2022,Australia,579,"$373,044.82"
2022,Saudi Arabia,579,"$366,932.36"
2022,Sweden,579,"$361,887.76"
2022,Turkey,579,"$343,273.41"
2022,Iraq,579,"$333,533.35"
2022,Finland,579,"$331,136.80"
2022,Poland,579,"$328,827.19"
2022,India,579,"$314,683.28"
2022,Viet Nam,579,"$308,445.35"
2022,Mexico,579,"$298,980.63"
2022,Bulgaria,579,"$275,361.14"
2022,Slovakia,579,"$267,921.90"
2022,Norway,579,"$255,207.26"
2022,Spain,579,"$220,006.45"
2022,Mongolia,579,"$210,863.58"
2022,Kazakhstan,579,"$193,876.68"
2022,Argentina,579,"$186,366.18"
2022,Netherlands,579,"$178,466.99"
2022,Lithuania,579,"$166,364.47"
2022,Italy,579,"$153,962.03"
2022,Bosnia and Herzegovina,579,"$148,864.46"
2022,Czech Republic,579,"$147,510.35"
2022,Latvia,579,"$147,090.79"
2022,Estonia,579,"$138,452.70"
2022,Belarus,579,"$119,853.26"
2022,Greece,579,"$115,750.82"
2022,Jordan,579,"$97,319.38"
2022,Slovenia,579,"$90,132.81"
2022,Israel,579,"$89,253.27"
2022,Algeria,579,"$88,041.21"
2022,Belgium,579,"$87,506.80"
2022,Lebanon,579,"$87,237.91"
2022,Chile,579,"$85,907.50"
2022,Lao People's Democratic Republic,579,"$83,602.40"
2022,Serbia,579,"$81,214.15"
2022,Singapore,579,"$69,773.19"
2022,Romania,579,"$69,331.62"
2022,Portugal,579,"$65,059.03"
2022,Pakistan,579,"$59,407.48"
2022,Bolivia,579,"$59,222.86"
2022,Nepal,579,"$56,250.00"
2022,South Africa,579,"$56,144.61"
2022,Georgia,579,"$55,420.59"
2022,Azerbaijan,579,"$43,578.60"
2022,Morocco,579,"$41,112.50"
2022,New Zealand,579,"$33,244.06"
2022,United Arab Emirates,579,"$31,042.86"
2022,Hong Kong,579,"$28,960.79"
2022,Austria,579,"$28,295.02"
2022,Croatia,579,"$27,268.30"
2022,Montenegro,579,"$27,100.00"
2022,Kyrgyzstan,579,"$24,707.28"
2022,North Macedonia,579,"$24,576.25"
2022,Hungary,579,"$23,805.43"
2022,Uruguay,579,"$23,244.91"
2022,Armenia,579,"$18,650.00"
2022,Switzerland,579,"$14,775.23"
2022,"Iran, Islamic Republic of",579,"$12,620.00"
2022,Ecuador,579,"$11,928.10"
2022,Syrian Arab Republic,579,"$11,122.28"
2022,Venezuela,579,"$10,562.50"
2022,Colombia,579,"$9,834.09"
2022,Luxembourg,579,"$8,433.43"
2022,Egypt,579,"$8,413.33"
2022,Libyan Arab Jamahiriya,579,"$8,333.35"
2022,Dominican Republic,579,"$8,248.25"
2022,"Kosovo, Republic of",579,"$7,851.98"
2022,Uzbekistan,579,"$6,825.00"
2022,Cuba,579,"$5,875.00"
2022,Ireland,579,"$5,456.98"
2022,"Palestinian Territory, Occupied",579,"$5,425.00"
2022,Kuwait,579,"$5,000.00"
2022,Iceland,579,"$4,943.08"
2022,Albania,579,"$4,777.13"
2022,Puerto Rico,579,"$4,609.39"
2022,Nigeria,579,"$4,000.00"
2022,Macao,579,"$3,745.28"
2022,Costa Rica,579,"$3,360.89"
2022,Myanmar,579,"$3,174.00"
2022,Bangladesh,579,"$2,950.00"
2022,Guatemala,579,"$2,425.06"
2022,Jamaica,579,"$1,854.17"
2022,Paraguay,579,"$1,699.69"
2022,Nicaragua,579,"$1,223.96"
2022,Afghanistan,579,"$1,216.67"
2022,Panama,579,"$1,173.37"
2022,Zimbabwe,579,"$1,083.33"
2022,El Salvador,579,$828.13
2022,Mauritania,579,$759.00
2022,Brunei Darussalam,579,$600.00
2022,Åland Islands,579,$560.00
2022,Malta,579,$527.19
2022,"Moldova, Republic of",579,$500.00
2022,Guernsey,579,$430.00
2022,Aruba,579,$104.17
2022,Trinidad and Tobago,579,$78.13
2022,New Caledonia,579,$25.00
