year,game,prizepool,tournaments,players
1998,Quake II,"$66,200.00",4,16
1998,QuakeWorld,"$43,500.00",3,12
1998,StarCraft: Brood War,"$20,000.00",1,8
1998,Age of Empires,"$2,000.00",1,1
1999,StarCraft: Brood War,"$139,553.84",11,40
1999,Descent 3,"$50,000.00",1,1
1999,Quake III Arena,"$43,200.00",2,15
1999,Quake II,"$42,400.00",2,12
2000,Quake III Arena,"$415,237.82",28,97
2000,StarCraft: Brood War,"$140,229.03",10,36
2000,Age of Empires II,"$113,768.30",16,37
2000,FIFA 2000,"$50,000.00",1,4
2000,Counter-Strike,"$23,763.33",2,62
2000,Age of Empires,"$9,500.00",1,4
2000,Doom II: Hell on Earth,$0.00,1,3
2000,Marvel vs. Capcom 2,$0.00,1,3
2000,Street Fighter Alpha 2,$0.00,1,3
2000,Street Fighter Alpha 3,$0.00,1,3
2000,Street Fighter III: 3rd Strike,$0.00,1,3
2000,Super Street Fighter II Turbo,$0.00,1,3
2001,Counter-Strike,"$346,592.44",13,222
2001,Age of Empires II,"$160,541.29",17,48
2001,Quake III Arena,"$147,736.74",14,48
2001,StarCraft: Brood War,"$91,893.99",9,50
2001,FIFA 2001,"$46,000.00",2,9
2001,Unreal Tournament,"$46,000.00",2,9
2001,Aliens versus Predator 2,"$40,000.00",1,1
2001,QuakeWorld,"$15,000.00",1,8
2001,Capcom vs. SNK,$0.00,1,3
2001,Marvel vs. Capcom 2,$0.00,1,3
2001,Street Fighter Alpha 3,$0.00,1,3
2001,Super Street Fighter II Turbo,$0.00,1,3
2002,Counter-Strike,"$400,994.88",14,351
2002,Dota 2,"$300,000.00",1,40
2002,StarCraft: Brood War,"$132,944.26",10,36
2002,Quake III Arena,"$102,206.40",4,24
2002,Age of Empires II,"$92,866.00",28,37
2002,WarCraft III,"$74,740.65",6,35
2002,Return to Castle Wolfenstein,"$67,424.30",2,30
2002,FIFA 2002 World Cup,"$43,000.00",1,8
2002,Unreal Tournament,"$43,000.00",2,8
2002,Unreal Tournament 2003,"$34,000.00",5,18
2002,NASCAR Thunder 2002,"$7,679.25",1,0
2002,Star Wars Jedi Knight II: Jedi Outcast,"$7,679.25",1,0
2002,Halo: Combat Evolved,"$5,000.00",2,21
2002,Age of Empires,$100.00,1,3
2002,Super Smash Bros. Melee,$40.00,2,4
2002,Capcom vs. SNK 2,$0.00,1,3
2002,Marvel vs. Capcom 2,$0.00,1,3
2002,Super Street Fighter II Turbo,$0.00,1,3
2003,Counter-Strike,"$821,957.99",63,503
2003,StarCraft: Brood War,"$276,838.39",16,81
2003,WarCraft III,"$248,436.18",38,102
2003,Unreal Tournament 2003,"$111,773.91",8,17
2003,Halo: Combat Evolved,"$107,150.00",12,74
2003,Quake III Arena,"$95,463.46",6,26
2003,Age of Mythology,"$55,400.00",7,20
2003,FIFA 03,"$54,066.44",3,10
2003,Age of Empires II,"$27,697.02",21,45
2003,Super Smash Bros. Melee,"$15,550.00",4,8
2003,Tekken 4,"$12,500.00",3,3
2003,NASCAR Thunder 2003,"$5,933.50",1,0
2003,Live for Speed,"$2,491.62",1,5
2003,Gran Turismo 3: A-Spec,"$1,500.00",1,3
2003,Madden NFL 2004,"$1,500.00",1,3
2003,Soul Calibur II,"$1,500.00",3,6
2003,Day of Defeat,$880.41,1,6
2003,Age of Empires,$625.00,1,4
2003,Capcom vs. SNK 2,$0.00,2,3
2003,FIFA 04,$0.00,1,0
2003,Guilty Gear XX,$0.00,1,3
2003,Marvel vs. Capcom 2,$0.00,2,3
2003,Street Fighter III: 3rd Strike,$0.00,1,3
2003,Super Street Fighter II Turbo,$0.00,1,3
2003,Tekken Tag Tournament,$0.00,2,3
2003,Virtua Fighter 4: Evolution,$0.00,2,3
2004,Counter-Strike,"$902,651.67",92,707
2004,StarCraft: Brood War,"$538,071.31",16,77
2004,WarCraft III,"$455,143.36",89,160
2004,Doom 3,"$207,748.16",3,13
2004,Halo: Combat Evolved,"$183,456.00",22,63
2004,Counter-Strike: Condition Zero,"$162,150.60",3,111
2004,Quake III Arena,"$111,500.00",4,35
2004,Unreal Tournament 2004,"$106,512.41",4,30
2004,Painkiller,"$55,000.00",3,18
2004,Call of Duty,"$50,000.00",1,51
2004,Age of Empires II,"$45,565.20",15,110
2004,FIFA 04,"$40,000.00",2,3
2004,Need for Speed: Underground,"$35,000.00",1,3
2004,Project Gotham Racing 2,"$35,000.00",1,3
2004,Pro Evolution Soccer 3,"$25,000.00",1,8
2004,Age of Mythology,"$13,328.00",5,19
2004,Super Smash Bros. Melee,"$10,644.50",10,17
2004,Day of Defeat,"$10,000.00",1,18
2004,Soul Calibur II,"$2,700.00",2,3
2004,Gran Turismo 3: A-Spec,"$1,750.00",1,3
2004,Capcom vs. SNK 2,$0.00,1,3
2004,FIFA 05,$0.00,1,0
2004,Guilty Gear XX,$0.00,1,3
2004,Live for Speed,$0.00,2,1
2004,Marvel vs. Capcom 2,$0.00,1,3
2004,Street Fighter III: 3rd Strike,$0.00,1,3
2004,Super Street Fighter II Turbo,$0.00,1,3
2004,Tekken 4,$0.00,1,3
2004,Tekken Tag Tournament,$0.00,1,3
2004,Virtua Fighter 4: Evolution,$0.00,1,3
2005,Counter-Strike,"$1,354,441.43",98,777
2005,Painkiller,"$960,000.00",10,42
2005,StarCraft: Brood War,"$592,759.49",28,88
2005,WarCraft III,"$480,680.28",90,107
2005,Halo 2,"$197,850.00",38,65
2005,Counter-Strike: Source,"$150,546.22",12,103
2005,FIFA 05,"$57,728.01",7,5
2005,Quake III Arena,"$57,160.44",9,24
2005,Quake 4,"$51,780.70",7,42
2005,Doom 3,"$50,000.00",1,3
2005,Wolfenstein: Enemy Territory,"$50,000.00",1,19
2005,Age of Empires II,"$40,816.91",13,50
2005,Pro Evolution Soccer 4,"$40,550.64",2,11
2005,Super Smash Bros. Melee,"$36,072.46",30,48
2005,Need for Speed: Underground 2,"$35,629.48",3,8
2005,"Warhammer 40,000: Dawn of War","$35,000.00",1,3
2005,Day of Defeat,"$30,000.00",1,23
2005,Dead or Alive Ultimate,"$30,000.00",1,3
2005,Unreal Tournament 2004,"$27,456.92",7,14
2005,FIFA 06,"$26,694.54",2,6
2005,Quake II,"$20,000.00",1,3
2005,Gran Turismo 4,"$12,000.00",1,4
2005,Age of Mythology,"$4,500.00",2,6
2005,Halo: Combat Evolved,"$3,675.00",3,11
2005,Battlefield 2,"$3,148.82",1,0
2005,Live for Speed,"$2,823.77",2,7
2005,Defense of the Ancients,"$1,736.36",2,0
2005,Need for Speed: Most Wanted,$694.54,1,4
2005,Call of Duty,$629.77,2,0
2005,Capcom vs. SNK 2,$0.00,1,3
2005,Guilty Gear XX #Reload,$0.00,1,3
2005,Marvel vs. Capcom 2,$0.00,1,3
2005,Project Gotham Racing 2,$0.00,1,3
2005,Street Fighter III: 3rd Strike,$0.00,1,3
2005,Super Street Fighter II Turbo,$0.00,1,3
2005,Tekken 5,$0.00,8,3
2005,Tekken Tag Tournament,$0.00,1,3
2006,Counter-Strike,"$2,138,622.70",122,967
2006,StarCraft: Brood War,"$809,030.24",41,142
2006,Halo 2,"$618,050.00",19,54
2006,WarCraft III,"$568,917.15",82,109
2006,Quake 4,"$359,839.00",35,73
2006,Counter-Strike: Source,"$177,710.53",27,254
2006,Super Smash Bros. Melee,"$144,584.00",22,44
2006,Madden NFL 2006,"$100,000.00",1,1
2006,FIFA 06,"$85,769.99",10,17
2006,Quake III Arena,"$83,813.76",6,46
2006,Battlefield 2,"$79,074.59",8,0
2006,Project Gotham Racing 3,"$72,300.00",4,8
2006,TrackMania Nations,"$72,000.00",2,11
2006,Dead or Alive 4,"$53,050.00",4,13
2006,"Warhammer 40,000: Dawn of War","$43,000.00",1,3
2006,Wolfenstein: Enemy Territory,"$36,350.20",4,54
2006,Need for Speed: Most Wanted,"$35,000.00",6,14
2006,Gran Turismo 4,"$32,000.00",1,4
2006,Pro Evolution Soccer 5,"$32,000.00",1,4
2006,Call of Duty 2,"$31,249.28",8,0
2006,FIFA 07,"$27,300.00",3,5
2006,Age of Empires II,"$25,332.54",5,50
2006,Ghost Recon Advanced Warfighter,"$24,000.00",2,0
2006,Forza Motorsport 2,"$15,000.00",1,2
2006,Day of Defeat,"$10,300.00",1,1
2006,Capcom vs. SNK 2,"$10,250.00",1,8
2006,Guilty Gear XX Slash,"$10,250.00",1,6
2006,Hyper Street Fighter II,"$10,250.00",1,8
2006,Marvel vs. Capcom 2,"$10,250.00",1,8
2006,Street Fighter III: 3rd Strike,"$10,250.00",1,8
2006,Tekken 5,"$10,250.00",1,8
2006,Age of Empires III,"$4,500.00",4,10
2006,Live for Speed,"$1,895.48",2,6
2006,Defense of the Ancients,$738.83,1,5
2006,Age of Empires,$289.25,2,19
2007,Counter-Strike,"$1,636,886.38",108,904
2007,StarCraft: Brood War,"$1,049,963.19",37,128
2007,WarCraft III,"$870,166.24",132,128
2007,Counter-Strike: Source,"$840,896.60",45,413
2007,Halo 2,"$673,462.47",14,65
2007,Dead or Alive 4,"$254,986.85",6,30
2007,Project Gotham Racing 3,"$224,986.85",5,27
2007,World of WarCraft,"$220,400.00",7,30
2007,FIFA 07,"$211,012.23",11,38
2007,Rainbow Six: Vegas,"$176,400.77",7,137
2007,Gears of War,"$170,900.77",7,33
2007,Quake 4,"$146,558.81",10,30
2007,Halo 3,"$100,000.00",1,16
2007,Madden NFL 2007,"$100,000.00",1,1
2007,Madden NFL 2008,"$100,000.00",1,1
2007,Super Smash Bros. Melee,"$78,733.31",66,115
2007,Rise of Nations: Rise of Legends,"$69,600.00",1,8
2007,World in Conflict,"$65,227.50",4,19
2007,F.E.A.R.,"$60,000.00",3,20
2007,Enemy Territory: Quake Wars,"$56,273.00",2,26
2007,Need for Speed Carbon,"$36,322.58",3,12
2007,Defense of the Ancients,"$35,076.49",6,31
2007,Call of Duty 2,"$29,089.98",6,25
2007,Command & Conquer 3,"$24,901.26",3,5
2007,Shadowrun,"$24,000.00",3,0
2007,Age of Empires III,"$21,900.00",4,10
2007,TrackMania Nations,"$21,381.66",5,9
2007,Age of Empires II,"$21,077.90",5,40
2007,Pro Evolution Soccer 6,"$20,216.82",2,5
2007,Carom 3D,"$20,000.00",1,3
2007,Wolfenstein: Enemy Territory,"$19,156.88",3,58
2007,Battlefield 2142,"$18,546.14",3,0
2007,Capcom vs. SNK 2,"$10,250.00",2,8
2007,Guilty Gear XX Accent Core,"$10,250.00",1,23
2007,Marvel vs. Capcom 2,"$10,250.00",2,8
2007,Street Fighter III: 3rd Strike,"$10,250.00",3,11
2007,Super Street Fighter II Turbo,"$10,250.00",2,8
2007,Tekken 5: Dark Resurrection,"$10,250.00",2,8
2007,Virtua Fighter 5,"$10,250.00",2,8
2007,Team Fortress 2,"$9,182.00",2,21
2007,Crysis,"$8,364.00",1,0
2007,Battlefield 2,"$6,514.86",2,0
2007,Call of Duty 4: Modern Warfare,"$6,273.00",1,20
2007,Quake III Arena,"$5,789.26",6,17
2007,S.T.A.L.K.E.R.: Shadow of Chernobyl,"$4,901.26",1,0
2007,Supreme Commander,"$4,901.26",1,0
2007,FIFA 08,"$3,136.50",3,4
2007,Live for Speed,"$2,008.27",1,5
2007,Trackmania United,"$1,027.50",1,3
2007,Day of Defeat: Source,$996.07,1,0
2007,Super Smash Bros.,$940.00,4,11
2007,Age of Mythology,$100.00,1,3
2008,Counter-Strike,"$1,681,708.06",114,759
2008,StarCraft: Brood War,"$1,050,526.45",27,192
2008,Counter-Strike: Source,"$871,999.50",61,468
2008,Halo 3,"$688,924.67",11,72
2008,WarCraft III,"$684,298.74",106,119
2008,World of WarCraft,"$557,300.00",15,87
2008,World in Conflict,"$228,110.73",7,25
2008,Call of Duty 4: Modern Warfare,"$218,907.09",23,165
2008,Forza Motorsport 2,"$207,000.00",1,16
2008,FIFA 08,"$201,433.25",13,62
2008,Dead or Alive 4,"$189,708.46",3,18
2008,F.E.A.R.,"$118,000.00",2,8
2008,Unreal Tournament 3,"$104,812.82",3,3
2008,Madden NFL 2009,"$100,000.00",1,1
2008,Defense of the Ancients,"$81,556.24",11,55
2008,Gears of War,"$66,974.50",6,0
2008,Quake III Arena,"$65,619.70",14,23
2008,Rainbow Six: Vegas 2,"$64,000.00",6,0
2008,Team Fortress 2,"$59,639.44",7,74
2008,Red Stone,"$35,000.00",1,6
2008,Need for Speed: ProStreet,"$32,208.46",3,12
2008,TrackMania Nations Forever,"$30,946.31",6,8
2008,Command & Conquer 3,"$28,185.41",5,7
2008,Project Gotham Racing 4,"$25,208.46",3,5
2008,Quake Live,"$25,000.00",2,19
2008,Super Smash Bros. Melee,"$22,934.61",27,85
2008,Guitar Hero III: Legends of Rock,"$19,000.00",2,8
2008,Age of Empires III,"$18,000.00",2,6
2008,Asphalt 4,"$17,500.00",1,3
2008,Carom 3D,"$17,500.00",1,3
2008,Virtua Fighter 5,"$17,500.00",2,3
2008,Super Smash Bros. Brawl,"$16,751.87",36,88
2008,Age of Empires II,"$15,425.44",8,25
2008,Wolfenstein: Enemy Territory,"$12,014.88",2,30
2008,Enemy Territory: Quake Wars,"$4,650.12",1,6
2008,Battlefield 2,"$2,976.95",1,0
2008,Crysis,"$2,976.95",1,0
2008,Street Fighter III: 3rd Strike,"$2,890.00",2,5
2008,QuakeWorld,"$2,775.07",1,0
2008,Marvel vs. Capcom 2,"$2,610.00",4,10
2008,Day of Defeat: Source,"$2,285.82",1,12
2008,Pro Evolution Soccer 2008,"$2,084.15",3,6
2008,Super Street Fighter II Turbo,"$1,770.00",2,6
2008,Tekken 5: Dark Resurrection,"$1,720.00",2,6
2008,Unreal Tournament 2003,"$1,700.00",1,1
2008,Capcom vs. SNK 2,"$1,450.00",2,6
2008,Supreme Commander: Forged Alliance,"$1,290.01",1,0
2008,Age of Mythology,"$1,020.00",5,6
2008,Guilty Gear XX Accent Core,$80.00,1,3
2009,Counter-Strike,"$1,354,652.70",123,797
2009,StarCraft: Brood War,"$708,775.32",51,137
2009,WarCraft III,"$387,351.00",90,74
2009,World of WarCraft,"$359,438.91",13,68
2009,Counter-Strike: Source,"$247,039.65",47,321
2009,Halo 3,"$234,900.71",7,76
2009,Defense of the Ancients,"$124,530.20",17,123
2009,FIFA 09,"$118,886.69",17,52
2009,Call of Duty 4: Modern Warfare,"$109,724.84",21,121
2009,Quake Live,"$79,946.08",19,33
2009,Gears of War 2,"$60,000.00",4,0
2009,Super Smash Bros. Melee,"$51,999.99",89,161
2009,Resistance 2,"$50,400.00",1,194
2009,Magic: The Gathering Online,"$50,000.00",1,8
2009,Super Smash Bros. Brawl,"$48,302.26",97,195
2009,TrackMania Nations Forever,"$35,765.59",13,30
2009,Team Fortress 2,"$32,478.48",10,142
2009,Red Stone,"$23,000.00",1,12
2009,Rainbow Six: Vegas 2,"$15,000.00",1,0
2009,Asphalt 4,"$12,000.00",1,3
2009,Carom 3D,"$12,000.00",1,3
2009,Virtua Fighter 5,"$12,000.00",2,3
2009,Wise Star 2,"$12,000.00",1,3
2009,Quake III Arena,"$10,591.18",7,20
2009,Age of Empires II,"$10,134.84",2,11
2009,Day of Defeat: Source,"$7,717.64",3,35
2009,Wolfenstein: Enemy Territory,"$6,637.46",1,18
2009,Call of Duty 2,"$4,401.02",1,0
2009,Call of Duty: Modern Warfare 2,"$4,211.84",2,11
2009,FIFA 08,"$2,560.19",1,3
2009,Age of Empires III,"$2,250.00",2,9
2009,Street Fighter IV,"$1,602.72",5,13
2009,Age of Empires,$880.00,1,16
2009,Pro Evolution Soccer 2009,$713.06,4,3
2009,Age of Mythology,$480.00,2,5
2009,Super Smash Bros.,$100.00,2,7
2009,Marvel vs. Capcom 2,$90.00,2,6
2009,Street Fighter III: 3rd Strike,$45.00,2,3
2009,BlazBlue: Calamity Trigger,$35.00,1,3
2009,Guilty Gear XX Accent Core,$35.00,2,9
2009,King of Fighters XI,$25.00,1,3
2009,Guilty Gear XX Accent Core Plus,$0.00,1,3
2009,Super Street Fighter II Turbo HD Remix,$0.00,2,8
2010,Counter-Strike,"$1,453,214.32",118,884
2010,StarCraft II,"$820,839.29",277,320
2010,Halo 3,"$798,113.79",9,85
2010,StarCraft: Brood War,"$628,499.64",15,99
2010,WarCraft III,"$362,767.85",88,80
2010,Counter-Strike: Source,"$351,448.47",62,558
2010,World of WarCraft,"$291,250.00",9,63
2010,Multigaming,"$200,000.00",2,2
2010,Quake Live,"$177,411.41",77,77
2010,Defense of the Ancients,"$158,306.30",17,116
2010,FIFA 10,"$117,026.71",48,64
2010,Magic: The Gathering Online,"$100,000.00",1,12
2010,Call of Duty: Modern Warfare 2,"$95,448.80",13,37
2010,Special Force,"$85,600.00",2,0
2010,Tekken 6,"$76,418.69",13,32
2010,Gears of War 2,"$75,000.00",1,0
2010,Super Smash Bros. Brawl,"$74,805.20",25,77
2010,KartRider,"$51,240.00",4,12
2010,Heroes of Newerth,"$45,064.90",8,23
2010,TrackMania Nations Forever,"$44,166.39",19,55
2010,Team Fortress 2,"$44,142.93",21,211
2010,Call of Duty 4: Modern Warfare,"$39,665.91",15,154
2010,Super Smash Bros. Melee,"$31,742.98",65,149
2010,Super Street Fighter IV,"$28,522.50",8,29
2010,iRacing.com,"$28,000.00",2,5
2010,League of Legends,"$27,942.64",24,87
2010,CrossFire,"$23,000.00",1,0
2010,Age of Empires II,"$18,559.75",7,34
2010,Halo: Reach,"$14,000.00",2,0
2010,Carom 3D,"$11,000.00",1,3
2010,Forza Motorsport 3,"$11,000.00",2,3
2010,Guitar Hero 5,"$10,500.00",1,3
2010,Need for Speed: Shift,"$10,500.00",1,3
2010,Gears of War,"$10,193.30",1,0
2010,Wolfenstein: Enemy Territory,"$6,811.76",1,15
2010,Street Fighter IV,"$3,805.50",5,11
2010,FIFA 11,"$3,802.85",16,14
2010,Day of Defeat: Source,"$3,069.04",3,18
2010,FIFA 09,"$2,731.65",2,3
2010,"Warhammer 40,000: Dawn of War","$1,816.50",1,2
2010,rFactor,"$1,117.35",1,10
2010,Age of Empires III,$750.00,1,4
2010,Pro Evolution Soccer 2009,$682.91,1,3
2010,Age of Empires,$308.00,1,18
2010,Tatsunoko vs. Capcom: Ultimate All-Stars,$300.81,3,6
2010,Super Smash Bros.,$180.00,4,8
2010,Super Street Fighter II Turbo HD Remix,$160.00,2,6
2010,Capcom vs. SNK,$140.00,1,3
2010,Marvel vs. Capcom 2,$130.00,2,6
2010,Age of Mythology,$75.00,1,1
2010,Melty Blood: Actress Again,$0.00,1,3
2011,StarCraft II,"$3,192,864.09",790,519
2011,Dota 2,"$1,672,268.08",6,93
2011,Call of Duty: Modern Warfare 3,"$1,006,015.34",5,44
2011,Counter-Strike,"$879,914.71",84,686
2011,Halo: Reach,"$593,521.98",15,86
2011,League of Legends,"$526,574.51",172,387
2011,StarCraft: Brood War,"$423,063.87",37,100
2011,Call of Duty: Black Ops,"$376,553.48",23,118
2011,Counter-Strike: Source,"$261,943.40",42,329
2011,Defense of the Ancients,"$244,082.84",27,246
2011,World of WarCraft,"$192,000.00",4,22
2011,Heroes of Newerth,"$153,840.35",14,42
2011,WarCraft III,"$149,527.55",64,53
2011,Quake Live,"$125,267.32",68,39
2011,Magic: The Gathering Online,"$100,000.00",1,12
2011,FIFA 11,"$90,180.92",62,68
2011,Super Street Fighter IV Arcade Edition,"$56,552.09",14,41
2011,KartRider,"$54,123.00",4,11
2011,iRacing.com,"$48,900.00",3,14
2011,Team Fortress 2,"$45,490.44",21,148
2011,Special Force,"$44,650.00",1,0
2011,Super Smash Bros. Melee,"$44,594.21",52,142
2011,Tekken 6,"$38,914.17",13,34
2011,TrackMania Nations Forever,"$36,283.56",18,43
2011,CrossFire,"$34,000.00",1,15
2011,Mortal Kombat 9,"$29,501.67",8,26
2011,Super Smash Bros. Brawl,"$28,718.32",37,113
2011,Marvel vs. Capcom 3,"$22,144.33",11,38
2011,Bloodline Champions,"$20,000.00",2,16
2011,World of Tanks,"$18,503.12",2,7
2011,Marvel vs. Capcom 2,"$15,000.00",3,6
2011,Call of Duty 4: Modern Warfare,"$14,653.11",9,37
2011,Age of Empires II,"$10,458.41",5,30
2011,Call of Duty: Modern Warfare 2,"$10,000.00",1,0
2011,BlazBlue: Continuum Shift II,"$7,591.43",4,14
2011,rFactor,"$4,724.49",1,30
2011,TrackMania 2: Canyon,"$4,673.38",2,5
2011,Gears of War,"$4,127.00",3,0
2011,Age of Empires,"$3,727.63",5,27
2011,FIFA 12,"$1,761.00",15,12
2011,Super Street Fighter IV,"$1,706.80",10,22
2011,Arcana Heart 3,"$1,000.00",1,4
2011,Super Street Fighter II Turbo,$820.00,2,11
2011,Age of Mythology,$500.00,1,3
2011,Super Smash Bros.,$330.00,2,3
2011,Soul Calibur IV,$260.00,1,3
2011,Street Fighter III: 3rd Strike,$240.00,1,3
2011,Project M,$225.00,1,4
2011,Age of Empires Online,$100.00,1,3
2011,Street Fighter IV,$90.00,1,2
2011,Wolfenstein: Enemy Territory,$86.37,1,6
2011,Ultimate Marvel vs. Capcom 3,$45.00,1,2
2011,Mortal Kombat vs. DC Universe,$0.00,1,3
2011,Super Street Fighter II Turbo HD Remix,$0.00,1,3
2011,Ultimate Mortal Kombat 3,$0.00,1,3
2012,League of Legends,"$4,287,209.14",391,930
2012,StarCraft II,"$4,204,561.62",697,673
2012,Dota 2,"$2,087,094.85",96,257
2012,Counter-Strike,"$547,584.85",65,535
2012,Heroes of Newerth,"$341,962.28",63,308
2012,World of WarCraft,"$228,000.00",3,15
2012,Counter-Strike: Global Offensive,"$222,538.77",48,311
2012,Counter-Strike: Source,"$214,637.92",35,290
2012,Defense of the Ancients,"$205,438.37",11,113
2012,Call of Duty: Modern Warfare 3,"$154,800.32",40,187
2012,World of Tanks,"$123,502.27",9,67
2012,Super Street Fighter IV Arcade Edition,"$117,347.60",40,63
2012,StarCraft: Brood War,"$106,816.29",31,52
2012,Counter-Strike Online,"$106,108.00",4,33
2012,Mortal Kombat 9,"$101,300.00",9,24
2012,ShootMania Storm,"$100,000.00",2,21
2012,WarCraft III,"$81,561.64",57,32
2012,Quake Live,"$71,284.81",56,30
2012,Tekken Tag Tournament 2,"$66,720.00",21,47
2012,Street Fighter X Tekken,"$66,015.64",27,51
2012,Halo: Reach,"$64,567.99",10,57
2012,Point Blank,"$64,500.00",7,49
2012,CrossFire,"$60,774.96",22,122
2012,Soul Calibur V,"$57,500.90",9,22
2012,KartRider,"$53,139.00",3,17
2012,FIFA 12,"$52,670.52",51,46
2012,Team Fortress 2,"$40,007.80",9,97
2012,Halo 4,"$40,000.00",1,16
2012,iRacing.com,"$32,500.00",2,8
2012,Super Smash Bros. Melee,"$30,778.50",28,87
2012,Call of Duty: Black Ops 2,"$29,997.95",4,32
2012,Battlefield 3,"$25,407.46",6,5
2012,Age of Empires II,"$24,942.94",6,42
2012,King of Fighters XIII,"$21,995.00",8,29
2012,Bloodline Champions,"$21,450.00",6,27
2012,Super Smash Bros. Brawl,"$18,424.46",24,57
2012,TrackMania Nations Forever,"$18,051.32",13,21
2012,FIFA 13,"$17,123.27",18,21
2012,BlazBlue: Continuum Shift II,"$16,999.58",1,0
2012,Call of Duty 4: Modern Warfare,"$16,525.03",8,51
2012,Super Street Fighter II Turbo HD Remix,"$16,200.00",3,18
2012,Street Fighter III: 3rd Strike,"$15,780.72",4,18
2012,TrackMania 2: Canyon,"$13,237.04",26,8
2012,Ultimate Marvel vs. Capcom 3,"$4,696.23",6,22
2012,rFactor,"$4,645.73",1,29
2012,Gears of War 3,"$4,555.81",2,0
2012,Tekken 6,"$4,541.78",4,7
2012,Call of Duty 2,"$1,014.32",1,10
2012,Age of Mythology,$990.00,3,8
2012,Project M,$751.81,4,10
2012,NHL 12,$702.93,2,6
2012,Persona 4 Arena,$476.63,3,14
2012,Super Smash Bros.,$400.00,2,7
2012,Age of Empires III,$345.00,2,4
2012,QuakeWorld,$255.66,1,1
2012,Call of Duty: Black Ops,$240.00,1,0
2012,Forza Motorsport 4,$132.37,1,2
2012,Dead or Alive 5,$0.00,1,4
2012,Super Street Fighter II Turbo,$0.00,1,4
2013,League of Legends,"$6,226,259.63",369,1221
2013,Dota 2,"$4,548,280.98",134,469
2013,StarCraft II,"$3,847,464.26",501,615
2013,Call of Duty: Black Ops 2,"$1,432,141.30",48,181
2013,Counter-Strike: Global Offensive,"$1,211,869.54",199,1007
2013,Turbo Racing League,"$1,000,000.00",9,16
2013,Heroes of Newerth,"$653,370.10",96,313
2013,FIFA 13,"$441,304.55",44,44
2013,World of Tanks,"$429,000.00",7,64
2013,Madden NFL 2013,"$400,000.00",1,8
2013,Halo 4,"$371,798.76",15,55
2013,CrossFire,"$270,618.52",68,207
2013,World of WarCraft,"$189,000.00",1,12
2013,Counter-Strike Online,"$142,193.60",4,28
2013,ShootMania Storm,"$129,658.37",32,69
2013,Super Street Fighter IV Arcade Edition,"$128,929.37",97,101
2013,Magic: The Gathering Online,"$116,000.00",1,16
2013,StarCraft: Brood War,"$109,570.17",35,56
2013,NHL 13,"$70,000.00",1,1
2013,Call of Duty: Ghosts,"$68,749.30",14,59
2013,WarCraft III,"$66,904.83",61,22
2013,Super Smash Bros. Melee,"$56,927.30",112,202
2013,Quake Live,"$50,733.15",21,45
2013,Point Blank,"$48,000.00",3,39
2013,SMITE,"$43,472.38",3,25
2013,Ultimate Marvel vs. Capcom 3,"$37,763.67",59,75
2013,Age of Empires II,"$33,280.27",6,54
2013,iRacing.com,"$32,000.00",2,10
2013,Team Fortress 2,"$31,664.98",11,114
2013,FIFA 14,"$28,687.53",19,19
2013,KartRider,"$27,570.00",1,16
2013,Tekken Tag Tournament 2,"$24,225.86",51,51
2013,Injustice: Gods Among Us,"$18,906.89",69,71
2013,Super Smash Bros. Brawl,"$18,591.65",51,86
2013,Street Fighter X Tekken,"$15,425.00",51,56
2013,Battlefield 4,"$15,408.65",3,20
2013,TrackMania 2: Stadium,"$12,008.29",8,23
2013,Counter-Strike,"$10,080.00",1,21
2013,Project M,"$8,815.48",44,92
2013,Defense of the Ancients,"$5,955.02",2,0
2013,Call of Duty 4: Modern Warfare,"$5,850.23",5,15
2013,King of Fighters XIII,"$5,510.00",11,36
2013,Persona 4 Arena,"$5,040.00",6,21
2013,rFactor,"$4,595.99",1,30
2013,S.K.I.L.L. - Special Force 2,"$4,054.33",1,10
2013,Mortal Kombat 9,"$2,640.00",4,16
2013,Street Fighter IV,"$2,440.00",1,16
2013,Divekick,"$2,360.00",3,11
2013,Age of Empires III,"$2,145.85",2,11
2013,Super Smash Bros.,"$2,061.00",5,16
2013,TrackMania Nations Forever,"$1,881.98",2,11
2013,Age of Empires,"$1,716.00",3,27
2013,TrackMania 2: Canyon,"$1,427.78",2,3
2013,Hearthstone,"$1,395.34",3,3
2013,Doom II: Hell on Earth,"$1,000.00",1,1
2013,Age of Mythology,$760.00,4,10
2013,Soul Calibur V,$405.00,3,19
2013,Skullgirls,$300.00,1,3
2013,Trackmania 2: Valley,$238.68,1,3
2013,Age of Empires Online,$230.00,1,3
2013,Dragon Ball Z: Budokai 3,$204.06,1,3
2013,Unreal Tournament 3,$165.00,1,4
2013,BlazBlue: Continuum Shift Extend,$0.00,1,3
2013,Dead or Alive 5 Ultimate,$0.00,2,11
2014,Dota 2,"$16,608,030.59",150,673
2014,League of Legends,"$8,068,170.99",429,1636
2014,StarCraft II,"$3,473,756.90",611,500
2014,Counter-Strike: Global Offensive,"$1,962,515.01",279,1415
2014,Call of Duty: Ghosts,"$1,525,435.95",62,182
2014,Hearthstone,"$1,123,245.18",177,309
2014,World of Tanks,"$892,436.68",7,65
2014,CrossFire,"$506,348.43",46,187
2014,SMITE,"$497,909.60",10,81
2014,Heroes of Newerth,"$486,110.24",87,248
2014,World of WarCraft,"$410,000.00",3,24
2014,WarCraft III,"$215,181.80",29,47
2014,Super Smash Bros. Melee,"$168,394.13",270,364
2014,Ultra Street Fighter IV,"$162,631.79",79,96
2014,Attack on Titan Tribute Game,"$139,063.53",19,42
2014,Battlefield 4,"$128,323.18",67,74
2014,Call of Duty: Advanced Warfare,"$126,947.81",40,127
2014,Magic: The Gathering Online,"$116,000.00",1,16
2014,KartRider,"$106,712.00",2,33
2014,Halo 2 Anniversary,"$90,037.60",7,57
2014,Counter-Strike Online,"$78,688.00",2,15
2014,Point Blank,"$78,000.00",4,57
2014,Team Fortress 2,"$72,949.72",16,110
2014,FIFA 14,"$67,660.28",50,52
2014,Quake Live,"$64,563.87",81,80
2014,Guild Wars 2,"$60,075.36",19,60
2014,Age of Empires II,"$54,558.71",23,130
2014,StarCraft: Brood War,"$53,601.35",16,32
2014,Project M,"$53,150.21",107,208
2014,Super Street Fighter IV Arcade Edition,"$39,044.63",52,68
2014,BlazBlue: Chronophantasma,"$36,535.00",10,50
2014,S.K.I.L.L. - Special Force 2,"$35,929.65",3,10
2014,iRacing.com,"$30,500.00",2,8
2014,Pro Evolution Soccer 2014,"$29,410.25",1,4
2014,Tekken Tag Tournament 2,"$27,583.40",51,73
2014,Killer Instinct (2013),"$22,399.80",12,43
2014,Halo 4,"$18,950.00",3,16
2014,Ultimate Marvel vs. Capcom 3,"$17,570.01",32,71
2014,Super Smash Bros. Brawl,"$16,629.31",33,80
2014,TrackMania 2: Stadium,"$16,414.15",17,56
2014,ShootMania Storm,"$15,000.00",2,9
2014,Injustice: Gods Among Us,"$14,900.00",44,56
2014,FIFA 15,"$14,808.90",55,38
2014,King of Fighters XIII,"$14,444.40",12,51
2014,Heroes of the Storm,"$14,257.50",19,47
2014,Halo 3,"$10,140.23",4,21
2014,Super Smash Bros. for Wii U,"$9,521.65",17,64
2014,Call of Duty 4: Modern Warfare,"$6,028.93",3,0
2014,Age of Mythology,"$4,259.00",8,16
2014,Age of Empires,"$3,740.00",3,24
2014,rFactor 2,"$3,545.13",1,30
2014,Super Smash Bros.,"$3,073.00",8,28
2014,NHL 14,"$3,023.96",3,6
2014,Chess.com,"$2,999.99",3,17
2014,Divekick,"$1,700.00",3,9
2014,Counter-Strike,"$1,500.00",1,5
2014,TrackMania 2: Canyon,"$1,194.24",2,5
2014,Persona 4 Arena,$820.00,2,11
2014,Soul Calibur V,$635.00,5,32
2014,Street Fighter X Tekken,$520.00,7,35
2014,Capcom vs. SNK 2,$445.00,2,10
2014,Guilty Gear XX Accent Core Plus R,$440.00,7,41
2014,Under Night In-Birth EXE: Late,$320.00,6,16
2014,Xonotic,$315.73,1,20
2014,Marvel vs. Capcom 2,$200.00,2,11
2014,Dead or Alive 5 Ultimate,$0.00,5,33
2014,Just Dance 2014,$0.00,1,3
2014,Mortal Kombat 9,$0.00,3,21
2014,Persona 4 Arena Ultimax,$0.00,1,8
2014,Skullgirls Encore,$0.00,2,10
2014,Soul Calibur II HD Online,$0.00,2,14
2014,Street Fighter Alpha 3,$0.00,1,8
2014,Street Fighter III: 3rd Strike,$0.00,2,11
2014,Super Street Fighter II Turbo,$0.00,4,23
2014,Virtua Fighter 5 Final Showdown,$0.00,2,16
2015,Dota 2,"$31,050,786.86",227,983
2015,League of Legends,"$7,718,307.16",311,1902
2015,Counter-Strike: Global Offensive,"$6,284,970.14",707,3019
2015,SMITE,"$3,709,088.73",42,252
2015,StarCraft II,"$3,017,759.24",690,501
2015,Call of Duty: Advanced Warfare,"$2,484,861.12",365,758
2015,Heroes of the Storm,"$2,470,686.83",286,666
2015,Hearthstone,"$2,372,583.73",251,563
2015,World of Tanks,"$1,203,054.52",20,246
2015,Heroes of Newerth,"$810,839.41",76,259
2015,Ultra Street Fighter IV,"$642,578.64",123,148
2015,Super Smash Bros. Melee,"$514,706.42",533,557
2015,CrossFire,"$500,714.08",73,135
2015,World of WarCraft,"$470,948.70",20,82
2015,Halo 2 Anniversary,"$378,667.45",13,81
2015,Super Smash Bros. for Wii U,"$274,699.63",293,478
2015,Mortal Kombat X,"$232,922.43",40,65
2015,Attack on Titan Tribute Game,"$220,200.00",15,28
2015,WarCraft III,"$219,597.87",58,56
2015,Age of Empires II,"$203,606.83",18,231
2015,Vainglory,"$193,392.54",4,83
2015,H1Z1,"$173,328.00",2,20
2015,StarCraft: Brood War,"$153,783.67",55,81
2015,Point Blank,"$143,097.75",11,103
2015,Evolve,"$131,509.05",33,110
2015,FIFA 15,"$129,565.09",297,148
2015,Magic: The Gathering Online,"$116,000.00",1,16
2015,Guild Wars 2,"$115,930.14",34,39
2015,Blade & Soul,"$103,401.12",2,16
2015,Tekken 7,"$97,214.27",3,14
2015,S.K.I.L.L. - Special Force 2,"$91,548.95",16,65
2015,Battlefield 4,"$83,382.97",69,93
2015,Killer Instinct (2013),"$83,227.57",13,43
2015,Team Fortress 2,"$82,721.87",18,195
2015,Call of Duty: Black Ops III,"$77,597.45",23,145
2015,Project M,"$57,236.28",72,213
2015,KartRider,"$54,188.00",1,12
2015,Quake Live,"$49,091.89",41,51
2015,Counter-Strike Online,"$40,000.00",1,15
2015,iRacing.com,"$39,694.67",6,113
2015,Guilty Gear Xrd -SIGN-,"$30,335.66",28,69
2015,Halo 5: Guardians,"$28,490.94",7,35
2015,Pro Evolution Soccer 2015,"$26,544.76",1,3
2015,TrackMania 2: Stadium,"$24,265.77",15,33
2015,Rocket League,"$23,976.56",79,95
2015,FIFA 16,"$22,133.61",10,19
2015,Ultimate Marvel vs. Capcom 3,"$21,643.72",24,72
2015,Chess.com,"$20,859.98",16,69
2015,FIFA Online 3,"$20,124.00",2,8
2015,ShootMania Storm,"$17,028.67",4,14
2015,Persona 4 Arena Ultimax,"$16,528.16",10,41
2015,Super Street Fighter IV Arcade Edition,"$13,712.98",1,8
2015,Battlefield Hardline,"$13,463.28",1,20
2015,Age of Empires,"$12,939.00",9,26
2015,Super Smash Bros.,"$11,915.70",19,57
2015,Super Smash Bros. Brawl,"$9,890.00",7,43
2015,Grey Goo,"$6,000.00",3,12
2015,Call of Duty: Black Ops 2,"$5,000.00",1,4
2015,osu!,"$5,000.00",1,239
2015,Tekken Tag Tournament 2,"$4,606.44",11,29
2015,rFactor 2,"$4,135.99",1,34
2015,Skullgirls Encore,"$3,915.40",6,23
2015,Brawlhalla,"$3,710.00",13,48
2015,Dead or Alive 5: Last Round,"$3,709.24",7,28
2015,Overwatch,"$3,320.00",10,44
2015,NHL 15,"$3,157.16",3,3
2015,Call of Duty 4: Modern Warfare,"$2,703.33",1,0
2015,Gears of War 3,"$2,700.00",2,13
2015,NHL '94,"$2,691.20",2,16
2015,Project Cars,"$2,190.00",39,15
2015,Wolfenstein: Enemy Territory,"$2,107.30",1,18
2015,Age of Empires III,"$1,995.00",3,16
2015,Reflex,"$1,962.00",3,9
2015,Under Night In-Birth EXE: Late,"$1,695.76",8,25
2015,King of Fighters XIII,"$1,460.31",8,31
2015,Street Fighter III: 3rd Strike,"$1,224.86",4,10
2015,Divekick,"$1,110.00",2,5
2015,Shards of War,"$1,029.21",1,20
2015,Rising Thunder,"$1,000.00",1,3
2015,Tetris,"$1,000.00",1,4
2015,BlazBlue: Chronophantasma Extend,$944.21,5,15
2015,Soul Calibur V,$920.00,4,16
2015,Injustice: Gods Among Us,$870.00,3,8
2015,Splatoon,$770.00,3,3
2015,Street Fighter X Tekken,$600.00,2,6
2015,Age of Mythology,$556.00,3,4
2015,TrackMania 2: Canyon,$540.66,1,3
2015,Trackmania 2: Valley,$540.66,1,3
2015,BlazBlue: Chronophantasma,$485.58,5,24
2015,Legend of Glory,$472.66,1,0
2015,Nitroplus Blasterz: Heroines Infinite Duel,$464.00,1,3
2015,Super Street Fighter II Turbo,$328.69,2,6
2015,Unreal Tournament (2016),$314.63,2,9
2015,Mortal Kombat 9,$190.00,1,3
2015,Ultimate Mortal Kombat 3,$150.00,1,3
2015,Virtua Fighter 5 Final Showdown,$145.23,1,3
2015,Guilty Gear XX Accent Core Plus R,$120.00,2,10
2015,Capcom vs. SNK 2,$61.79,1,3
2015,Dengeki Bunko: Fighting Climax,$60.00,1,3
2015,QuakeWorld,$55.09,1,1
2015,Marvel vs. Capcom 2,$0.00,2,11
2015,Melty Blood: Actress Again,$0.00,1,8
2016,Dota 2,"$37,464,419.92",154,896
2016,Counter-Strike: Global Offensive,"$17,266,132.50",861,4408
2016,League of Legends,"$10,529,309.95",183,1618
2016,Heroes of the Storm,"$4,663,149.10",63,388
2016,Call of Duty: Black Ops III,"$3,862,185.84",55,365
2016,Hearthstone,"$3,455,125.46",134,582
2016,Halo 5: Guardians,"$3,411,240.03",36,176
2016,StarCraft II,"$3,182,918.35",651,413
2016,Overwatch,"$1,996,942.76",261,1203
2016,SMITE,"$1,638,242.04",21,316
2016,CrossFire,"$887,159.96",20,152
2016,Street Fighter V,"$885,528.88",63,143
2016,FIFA Online 3,"$835,082.40",3,35
2016,Super Smash Bros. Melee,"$674,499.14",750,757
2016,Gears of War 4,"$501,285.00",16,77
2016,World of Tanks,"$482,000.00",3,38
2016,World of WarCraft,"$453,000.00",4,72
2016,Rocket League,"$437,430.81",319,280
2016,Super Smash Bros. for Wii U,"$429,999.07",283,577
2016,Vainglory,"$424,628.65",21,165
2016,WarCraft III,"$419,963.19",108,93
2016,Arena of Valor,"$354,141.38",2,25
2016,Rainbow Six Siege,"$320,680.03",26,123
2016,Guild Wars 2,"$300,000.00",4,100
2016,Mortal Kombat X,"$290,129.99",21,45
2016,H1Z1,"$267,244.00",2,18
2016,Heroes of Newerth,"$246,433.55",24,101
2016,Clash Royale,"$228,859.56",7,33
2016,Gears of War: Ultimate Edition,"$170,000.00",3,39
2016,Attack on Titan Tribute Game,"$157,000.00",10,20
2016,Blade & Soul,"$156,182.40",2,28
2016,Point Blank,"$145,000.00",2,74
2016,KartRider,"$144,234.00",3,19
2016,MechWarrior Online,"$143,490.00",1,0
2016,Call of Duty: Infinite Warfare,"$125,020.99",4,56
2016,Magic: The Gathering Online,"$104,000.00",1,13
2016,Paladins,"$104,000.00",2,26
2016,Mortal Kombat XL,"$100,941.39",7,24
2016,Madden NFL 2017,"$100,000.00",1,16
2016,FIFA 16,"$95,694.50",18,54
2016,Brawlhalla,"$78,931.09",68,117
2016,Team Fortress 2,"$78,899.83",21,226
2016,Tekken 7,"$78,599.54",16,66
2016,StarCraft: Brood War,"$75,767.76",13,32
2016,Age of Empires,"$62,321.80",20,99
2016,Age of Empires II,"$56,071.14",39,130
2016,Killer Instinct (2013),"$55,479.59",12,44
2016,Madden NFL 2016,"$50,000.00",1,8
2016,iRacing.com,"$47,319.88",8,134
2016,Uncharted 4: A Thief's End,"$46,235.07",1,5
2016,Pokkén Tournament,"$40,381.66",10,38
2016,Counter-Strike Online,"$40,000.00",1,15
2016,Old School Runescape,"$40,000.00",4,4
2016,Forza Motorsport 6,"$39,850.00",7,34
2016,Project M,"$38,048.66",48,162
2016,Project Cars,"$33,455.00",49,30
2016,Grey Goo,"$30,400.00",2,16
2016,FIFA 17,"$30,305.99",4,41
2016,Guilty Gear Xrd -REVELATOR-,"$28,899.49",11,47
2016,Quake Live,"$28,002.76",25,14
2016,Pro Evolution Soccer 2016,"$27,243.84",6,17
2016,QuakeWorld,"$25,000.00",1,16
2016,Chess.com,"$23,859.98",22,81
2016,Ultimate Marvel vs. Capcom 3,"$18,501.06",25,45
2016,Super Smash Bros.,"$18,200.77",33,77
2016,Battlerite,"$12,881.74",38,55
2016,TrackMania 2: Stadium,"$12,386.52",15,29
2016,Ultra Street Fighter IV,"$8,546.61",15,42
2016,osu!,"$8,120.00",3,429
2016,Metal Gear Online,"$8,000.00",8,37
2016,Guilty Gear Xrd -SIGN-,"$7,110.00",10,25
2016,Battlefield 4,"$6,070.68",3,40
2016,King of Fighters XIV,"$5,318.49",4,19
2016,Skullgirls Encore,"$5,240.00",5,15
2016,Age of Mythology,"$5,114.00",8,23
2016,rFactor 2,"$4,723.91",1,30
2016,Pro Evolution Soccer 2017,"$4,697.71",11,23
2016,Super Smash Bros. Brawl,"$4,500.54",13,38
2016,BlazBlue: Chronophantasma Extend,"$3,974.56",6,16
2016,Under Night In-Birth EXE: Late,"$3,050.00",7,19
2016,BlazBlue: Central Fiction,"$2,836.51",2,11
2016,Tekken Tag Tournament 2,"$2,520.00",4,13
2016,Age of Empires III,"$2,120.00",6,12
2016,Naruto Shippuden: Ultimate Ninja Storm 4,"$2,000.00",2,0
2016,Dead or Alive 5: Last Round,"$1,934.58",5,14
2016,Call of Duty: Modern Warfare 2,"$1,700.00",1,12
2016,Skullgirls 2nd Encore,"$1,700.00",1,8
2016,Tetris,"$1,500.00",1,2
2016,Super Street Fighter II Turbo,"$1,459.72",4,17
2016,Nitroplus Blasterz: Heroines Infinite Duel,"$1,380.00",2,5
2016,Xonotic,"$1,283.15",3,56
2016,Persona 4 Arena Ultimax,"$1,250.00",4,11
2016,Unreal Tournament (2016),"$1,071.42",3,17
2016,Vampire Savior,$918.74,3,9
2016,Guilty Gear XX Accent Core Plus R,$870.00,2,5
2016,King of Fighters XIII,$834.57,3,9
2016,NHL '94,$806.16,3,7
2016,Melty Blood: Actress Again Current Code,$700.00,1,8
2016,Dengeki Bunko: Fighting Climax Ignition,$662.30,2,11
2016,Splatoon,$620.00,1,0
2016,Trackmania Turbo,$566.91,1,3
2016,Injustice: Gods Among Us,$500.00,1,3
2016,Rivals of Aether,$500.00,2,2
2016,Bloodline Champions,$455.32,4,6
2016,King of Fighters 2002 Unlimited Match,$380.00,1,3
2016,Street Fighter X Tekken,$300.00,1,3
2016,Catherine,$270.00,1,3
2016,Virtua Fighter 5 Final Showdown,$268.54,2,7
2016,Koihime Enbu,$250.00,1,3
2016,MOBA Legends,$225.00,1,3
2016,Arcana Heart 3: LOVE MAX!!!!!,$210.00,1,3
2016,Marvel vs. Capcom 3,$199.29,1,0
2016,Divekick,$180.00,1,3
2016,Tatsunoko vs. Capcom: Ultimate All-Stars,$170.00,1,3
2016,Aquapazza: Aquaplus Dream Match,$160.00,1,3
2016,Soul Calibur V,$140.00,2,3
2016,Marvel vs. Capcom 2,$100.00,1,3
2016,Reflex,$32.74,1,1
2017,Dota 2,"$38,074,599.32",167,1061
2017,Counter-Strike: Global Offensive,"$19,280,215.27",906,4813
2017,League of Legends,"$12,249,287.22",191,1962
2017,Heroes of the Storm,"$5,444,449.54",41,441
2017,Call of Duty: Infinite Warfare,"$4,031,184.07",76,322
2017,Overwatch,"$3,488,230.10",284,1595
2017,Hearthstone,"$3,483,846.57",125,692
2017,StarCraft II,"$3,413,355.85",649,380
2017,Arena of Valor,"$1,899,369.00",14,213
2017,Halo 5: Guardians,"$1,748,000.00",14,99
2017,SMITE,"$1,567,900.00",8,143
2017,H1Z1,"$1,551,550.00",8,88
2017,Rocket League,"$1,520,511.54",372,438
2017,CrossFire,"$1,519,054.74",36,169
2017,Quake Champions,"$1,482,852.31",72,166
2017,FIFA 17,"$1,452,306.64",44,130
2017,Street Fighter V,"$1,317,769.55",58,160
2017,Gears of War 4,"$1,064,000.00",16,88
2017,PLAYERUNKNOWN’S BATTLEGROUNDS,"$1,007,803.60",14,193
2017,rFactor 2,"$1,004,694.66",2,60
2017,Rainbow Six Siege,"$1,003,557.28",33,387
2017,Madden NFL 2017,"$904,000.00",4,39
2017,Clash Royale,"$876,496.34",10,80
2017,World of Tanks,"$825,000.00",4,100
2017,World of WarCraft,"$749,000.00",20,121
2017,Injustice 2,"$675,188.93",21,53
2017,Super Smash Bros. Melee,"$631,757.73",298,456
2017,Super Smash Bros. for Wii U,"$515,726.43",248,460
2017,Pro Evolution Soccer 2017,"$510,000.00",5,16
2017,Paladins,"$407,826.63",28,237
2017,Attack on Titan Tribute Game,"$380,000.00",13,43
2017,FIFA Online 3,"$342,023.00",2,46
2017,Tekken 7,"$328,181.63",38,114
2017,Gwent,"$302,988.98",91,274
2017,Call of Duty: WWII,"$272,354.31",24,72
2017,WarCraft III,"$242,279.20",195,96
2017,StarCraft: Remastered,"$222,441.24",17,54
2017,Vainglory,"$179,400.00",10,101
2017,Brawlhalla,"$170,667.70",60,157
2017,Blade & Soul,"$149,772.00",1,24
2017,StarCraft: Brood War,"$146,621.70",39,68
2017,Forza Motorsport 6,"$132,750.00",2,28
2017,Old School Runescape,"$122,000.00",8,37
2017,Point Blank,"$121,570.00",4,78
2017,Shadowverse,"$120,000.00",1,24
2017,Heroes of Newerth,"$117,046.61",2,20
2017,Magic: The Gathering Online,"$116,000.00",1,16
2017,Pokémon VGC,"$113,000.00",9,83
2017,Age of Empires II,"$99,105.43",56,208
2017,Team Fortress 2,"$82,893.73",20,202
2017,KartRider,"$76,160.35",2,33
2017,Marvel vs. Capcom: Infinite,"$67,750.00",6,32
2017,iRacing.com,"$50,889.99",10,144
2017,FIFA 18,"$44,545.55",8,31
2017,Hand of the Gods,"$44,400.00",34,44
2017,Killer Instinct (2013),"$44,040.00",8,40
2017,Pokkén Tournament,"$36,635.00",15,35
2017,Project Cars,"$32,620.21",31,28
2017,Guilty Gear Xrd REV 2,"$30,360.00",11,37
2017,World of Tanks Blitz,"$30,000.00",1,14
2017,BlazBlue: Central Fiction,"$28,760.00",16,46
2017,Age of Empires,"$27,588.21",14,65
2017,Project M,"$25,890.48",22,102
2017,King of Fighters XIV,"$24,978.67",16,54
2017,Mortal Kombat XL,"$24,002.40",7,29
2017,Battlerite,"$23,541.71",35,42
2017,Chess.com,"$22,704.95",17,65
2017,Madden NFL 2018,"$20,676.62",2,9
2017,Mad Skills Motocross 2,"$20,163.00",1,12
2017,Rivals of Aether,"$14,100.00",3,13
2017,Super Smash Bros.,"$13,925.20",20,87
2017,Yu-Gi-Oh! Duel Links,"$13,354.44",85,142
2017,Ultimate Marvel vs. Capcom 3,"$13,295.00",14,33
2017,TrackMania 2: Stadium,"$13,217.87",20,60
2017,osu!,"$13,055.00",6,520
2017,Heavy Metal Machines,"$12,339.33",1,35
2017,Quake Live,"$10,492.75",19,21
2017,Critical Ops,"$10,106.41",2,4
2017,Quake II,"$10,000.00",1,3
2017,Dead or Alive 5: Last Round,"$9,530.00",7,14
2017,Pokkén Tournament DX,"$7,789.00",6,16
2017,Guilty Gear Xrd -REVELATOR-,"$7,537.94",8,30
2017,Doom (2016),"$7,000.00",1,6
2017,Skullgirls 2nd Encore,"$6,010.00",4,21
2017,QuakeWorld,"$5,000.00",1,3
2017,Rage,"$5,000.00",1,3
2017,The Elder Scrolls: Legends,"$5,000.00",1,3
2017,Wolfenstein: Enemy Territory,"$4,493.30",2,23
2017,Under Night In-Birth EXE: Late[st],"$4,290.00",8,26
2017,Power Rangers: Legacy Wars,"$4,178.55",1,2
2017,Super Smash Bros. Brawl,"$3,828.03",8,31
2017,Company of Heroes 2,"$3,556.22",1,8
2017,Call of Duty: Modern Warfare 2,"$3,500.00",2,8
2017,Splatoon 2,"$3,425.00",3,0
2017,Age of Empires III,"$3,300.00",7,19
2017,ARMS,"$3,257.10",13,31
2017,Street Fighter III: 3rd Strike,"$2,958.36",2,3
2017,Super Street Fighter II Turbo,"$2,760.00",5,18
2017,Mystery Game Tournament,"$2,480.00",2,15
2017,Battlefield 4,"$2,305.53",1,20
2017,Vampire Savior,"$2,030.00",4,11
2017,ComPet,"$2,000.00",1,50
2017,Street Fighter V: Arcade Edition,"$1,900.00",1,3
2017,Age of Mythology,"$1,876.00",10,33
2017,Clash of Clans,"$1,576.87",1,2
2017,Tetris,"$1,500.00",1,2
2017,Lichess,"$1,100.00",2,8
2017,Call of Duty 2,"$1,073.91",1,6
2017,S.K.I.L.L. - Special Force 2,"$1,000.00",1,0
2017,Under Night In-Birth EXE: Late,$960.00,2,7
2017,Soul Calibur II HD Online,$860.00,2,11
2017,Ultra Street Fighter IV,$820.00,3,8
2017,Melty Blood: Actress Again Current Code,$810.00,2,9
2017,Windjammers,$780.00,3,6
2017,Soul Calibur V,$750.00,3,5
2017,Guilty Gear XX Accent Core Plus R,$660.00,2,6
2017,Capcom vs. SNK 2,$610.00,2,6
2017,Catherine,$570.00,2,5
2017,Tekken Tag Tournament 2,$520.00,2,6
2017,Age of Empires Online,$500.00,1,8
2017,Persona 4 Arena Ultimax,$490.00,2,6
2017,Street Fighter X Tekken,$480.00,2,5
2017,Dengeki Bunko: Fighting Climax Ignition,$390.00,2,5
2017,NHL '94,$321.20,3,7
2017,TrackMania 2: Canyon,$318.36,1,3
2017,Gundam Versus,$280.00,1,6
2017,Xonotic,$249.81,3,26
2017,Divekick,$240.00,1,3
2017,Puyo Puyo Tetris,$240.00,1,3
2017,Tetris Ultimate,$221.00,1,3
2017,Arcana Heart 3: LOVE MAX!!!!!,$200.00,1,3
2017,Koihime Enbu,$190.00,1,3
2017,Tatsunoko vs. Capcom: Ultimate All-Stars,$160.00,1,3
2017,Chaos Code: New Sign of Catastrophe,$140.00,1,3
2018,Dota 2,"$41,500,964.99",175,1158
2018,Counter-Strike: Global Offensive,"$23,321,594.34",1020,4690
2018,Fortnite,"$19,880,337.00",176,1445
2018,League of Legends,"$14,599,015.39",189,1931
2018,PLAYERUNKNOWN’S BATTLEGROUNDS,"$8,342,616.32",124,1508
2018,Arena of Valor,"$6,996,116.76",22,397
2018,Overwatch,"$6,615,791.65",120,1548
2018,Heroes of the Storm,"$5,277,279.76",34,368
2018,Hearthstone,"$4,717,852.27",132,836
2018,Call of Duty: WWII,"$4,287,916.69",41,247
2018,StarCraft II,"$4,025,580.65",450,365
2018,Rocket League,"$2,394,217.31",209,474
2018,FIFA 18,"$2,189,152.14",40,223
2018,Rainbow Six Siege,"$2,033,095.36",72,649
2018,Halo 5: Guardians,"$1,873,750.00",18,101
2018,Street Fighter V: Arcade Edition,"$1,399,580.67",51,141
2018,Shadowverse,"$1,310,000.00",1,24
2018,SMITE,"$1,183,500.00",11,143
2018,CrossFire,"$1,074,640.06",26,150
2018,Paladins,"$1,029,100.00",22,330
2018,Gears of War 4,"$1,022,000.00",7,93
2018,NBA 2K18,"$1,000,000.00",4,91
2018,Clash Royale,"$986,262.37",19,150
2018,World of WarCraft,"$740,000.00",27,124
2018,Quake Champions,"$651,250.40",154,135
2018,PLAYERUNKNOWN'S BATTLEGROUNDS Mobile,"$617,069.08",6,114
2018,FIFA 19,"$551,731.35",19,130
2018,Attack on Titan Tribute Game,"$494,250.00",15,64
2018,Gwent,"$441,568.19",15,54
2018,StarCraft: Remastered,"$430,276.38",34,77
2018,Super Smash Bros. Melee,"$365,235.84",114,297
2018,Tekken 7,"$339,255.91",57,126
2018,Call of Duty: Black Ops 4,"$321,249.95",36,135
2018,Call of Duty: Blackout,"$315,000.00",6,36
2018,Brawlhalla,"$297,604.70",98,196
2018,Super Smash Bros. for Wii U,"$277,984.69",190,406
2018,Realm Royale,"$263,000.00",9,47
2018,Madden NFL 2018,"$259,000.00",1,32
2018,Forza Motorsport 7,"$255,000.00",4,30
2018,Pro Evolution Soccer 2018,"$250,000.00",3,20
2018,FIFA Online 4,"$240,000.00",1,37
2018,FIFA Online 3,"$237,112.50",1,36
2018,F1 2018,"$200,000.00",1,21
2018,Magic: The Gathering Online,"$200,000.00",1,23
2018,WarCraft III,"$176,129.87",117,69
2018,Injustice 2,"$160,648.23",13,37
2018,Old School Runescape,"$156,500.00",5,20
2018,iRacing.com,"$143,340.30",18,191
2018,Guns of Boom,"$133,950.00",14,4
2018,Dragon Ball FighterZ,"$132,741.37",30,79
2018,Chess.com,"$120,424.01",14,73
2018,Radical Heights,"$120,000.00",2,12
2018,Warface,"$109,555.00",2,32
2018,NHL 18,"$102,700.00",6,20
2018,Creative Destruction,"$100,000.00",1,8
2018,Zula,"$100,000.00",1,20
2018,Point Blank,"$99,000.00",1,10
2018,Pokémon VGC,"$98,500.00",15,112
2018,Team Fortress 2,"$92,841.73",21,286
2018,Battalion 1944,"$78,576.62",7,53
2018,H1Z1,"$75,000.00",1,20
2018,Super Smash Bros. Ultimate,"$74,587.45",63,271
2018,Age of Empires II,"$70,874.33",99,127
2018,Heroes of Newerth,"$64,039.12",1,15
2018,Hand of the Gods,"$50,000.00",1,13
2018,Artifact Classic,"$48,666.35",29,93
2018,Age of Empires,"$41,426.72",21,84
2018,Yu-Gi-Oh! Duel Links,"$35,372.28",133,234
2018,Project Cars 2,"$33,750.00",2,10
2018,World of Tanks Blitz,"$33,330.00",5,0
2018,Battlerite,"$28,750.00",2,29
2018,RaceRoom Racing Experience,"$27,768.70",5,91
2018,TrackMania 2: Stadium,"$26,329.28",39,82
2018,Madden NFL 19,"$25,000.00",1,1
2018,Guilty Gear Xrd REV 2,"$22,557.64",13,45
2018,BlazBlue: Cross Tag Battle,"$19,463.33",9,38
2018,Killer Instinct (2013),"$17,770.00",4,14
2018,Lichess,"$15,325.00",10,19
2018,Assetto Corsa,"$15,000.00",1,8
2018,ARMS,"$13,297.14",56,71
2018,Project M,"$13,056.56",24,77
2018,osu!,"$11,837.00",9,328
2018,Under Night In-Birth EXE: Late[st],"$11,646.27",10,39
2018,Super Smash Bros.,"$10,747.76",14,58
2018,King of Fighters XIV,"$10,469.23",6,21
2018,Battlefield 4,"$10,275.45",2,38
2018,Gran Turismo Sport,"$10,080.00",1,10
2018,Magic: The Gathering Arena,"$10,000.00",1,16
2018,Soul Calibur VI,"$9,891.00",6,19
2018,BlazBlue: Central Fiction,"$7,523.06",8,33
2018,rFactor 2,"$7,385.26",5,36
2018,StarCraft: Brood War,"$6,613.98",1,16
2018,Marvel vs. Capcom: Infinite,"$5,952.12",9,28
2018,Splatoon 2,"$5,360.00",3,0
2018,Minecraft,"$4,839.15",3,10
2018,Black Squad,"$4,470.29",15,52
2018,Company of Heroes 2,"$4,400.00",1,8
2018,Mortal Kombat XL,"$4,120.00",2,11
2018,Faeria,"$4,100.00",5,12
2018,Age of Empires III,"$3,750.00",16,22
2018,Super Smash Bros. Brawl,"$3,613.19",9,23
2018,Mortal Kombat 9,"$3,260.00",1,8
2018,Pokkén Tournament DX,"$3,181.40",8,16
2018,Super Street Fighter II Turbo,"$2,947.53",7,23
2018,NHL 19,"$2,866.67",2,5
2018,Skullgirls 2nd Encore,"$2,801.00",3,8
2018,Mystery Game Tournament,"$2,560.00",2,15
2018,Critical Ops,"$2,500.00",1,0
2018,Vampire Savior,"$2,170.00",4,12
2018,Street Fighter III: 3rd Strike,"$1,950.00",4,16
2018,Sailor Moon S,"$1,646.06",4,10
2018,Melty Blood: Actress Again Current Code,"$1,630.00",4,15
2018,Tetris,"$1,500.00",1,2
2018,Age of Empires Online,"$1,448.00",3,8
2018,Fighting EX Layer,"$1,260.00",4,9
2018,Age of Mythology,"$1,233.00",9,20
2018,Ultimate Marvel vs. Capcom 3,"$1,160.00",2,5
2018,QuakeWorld,"$1,042.22",3,9
2018,Guilty Gear XX Accent Core Plus R,$930.00,3,8
2018,Halo 3,$800.00,1,12
2018,Ultra Street Fighter IV,$680.81,3,9
2018,Street Fighter Alpha 2,$680.00,3,8
2018,Windjammers,$665.41,3,7
2018,Koihime Enbu,$590.00,1,3
2018,Quake Live,$500.00,1,2
2018,Street Fighter X Tekken,$500.00,2,5
2018,Puyo Puyo Tetris,$466.67,2,6
2018,Catherine,$450.00,2,5
2018,Dengeki Bunko: Fighting Climax Ignition,$450.00,2,11
2018,SNK Heroines: Tag Team Frenzy,$430.00,1,3
2018,Arcana Heart 3: Love Max Six Stars!!!!!,$410.00,2,6
2018,Quake II,$379.50,1,2
2018,TrackMania 2: Canyon,$369.60,1,3
2018,Street Fighter Alpha 3,$300.00,1,3
2018,Xonotic,$277.75,3,39
2018,Divekick,$250.00,1,3
2018,Dead or Alive 5: Last Round,$240.00,1,3
2018,TrackMania Nations Forever,$235.20,1,3
2018,Tatsunoko vs. Capcom: Ultimate All-Stars,$230.00,1,3
2018,Mario Kart 8 Deluxe,$220.00,1,4
2018,Super Mario Party,$220.00,1,4
2018,Warsow,$183.00,1,2
2018,Reflex,$163.66,3,12
2018,Street Fighter EX2 Plus,$160.00,1,3
2018,Capcom vs. SNK 2,$150.00,1,3
2018,Persona 4 Arena Ultimax,$120.00,1,3
2018,Garou: Mark of the Wolves,$108.71,1,4
2018,Samurai Shodown V Special,$108.71,1,4
2018,Soul Calibur II HD Online,$85.41,1,4
2018,Soul Calibur V,$77.64,1,4
2018,Lethal League Blaze,$11.40,1,1
2019,Fortnite,"$72,800,079.01",400,3042
2019,Dota 2,"$47,055,308.77",227,1359
2019,Counter-Strike: Global Offensive,"$22,230,830.12",944,3937
2019,PLAYERUNKNOWN’S BATTLEGROUNDS,"$11,327,221.08",114,1429
2019,Arena of Valor,"$10,481,395.34",24,377
2019,League of Legends,"$9,623,854.74",207,2132
2019,Overwatch,"$9,587,036.77",58,1227
2019,Call of Duty: Black Ops 4,"$6,383,189.00",31,339
2019,Rainbow Six Siege,"$5,116,916.82",112,1108
2019,Hearthstone,"$4,786,421.97",46,519
2019,Magic: The Gathering Arena,"$4,402,000.00",33,219
2019,PLAYERUNKNOWN'S BATTLEGROUNDS Mobile,"$3,691,296.59",28,870
2019,StarCraft II,"$3,127,002.59",366,394
2019,Rocket League,"$3,105,097.55",230,509
2019,Apex Legends,"$2,861,382.64",80,683
2019,FIFA 19,"$2,690,910.99",29,247
2019,Shadowverse,"$1,761,477.09",35,184
2019,Clash of Clans,"$1,420,525.00",20,87
2019,Auto Chess,"$1,076,322.28",6,72
2019,Super Smash Bros. Ultimate,"$1,049,770.97",969,1639
2019,Clash Royale,"$1,047,130.00",10,112
2019,CrossFire,"$1,014,147.75",11,95
2019,Street Fighter V: Arcade Edition,"$845,119.16",50,153
2019,Free Fire,"$808,109.12",13,330
2019,Tekken 7,"$769,730.43",98,267
2019,World of WarCraft,"$686,000.00",16,78
2019,Gears 5,"$560,000.00",6,95
2019,Paladins,"$550,000.00",6,101
2019,Brawlhalla,"$523,239.00",125,209
2019,F1 2019,"$500,000.00",1,22
2019,Gears of War 4,"$500,000.00",2,61
2019,FIFA 20,"$476,358.96",21,139
2019,TEPPEN,"$456,721.47",1,12
2019,Teamfight Tactics,"$449,284.65",11,133
2019,FIFA Online 4,"$437,000.00",2,58
2019,iRacing.com,"$399,642.94",23,256
2019,WarCraft III,"$392,576.52",40,67
2019,Forza Motorsport 7,"$366,200.00",5,74
2019,Call of Duty: Modern Warfare,"$348,612.50",10,78
2019,Halo 3,"$335,200.00",9,66
2019,Heroes of the Storm,"$316,914.92",29,179
2019,StarCraft: Remastered,"$311,596.26",69,73
2019,Mortal Kombat 11,"$309,234.68",37,161
2019,Call of Duty: Blackout,"$296,608.35",12,152
2019,Brawl Stars,"$288,700.00",10,57
2019,Super Smash Bros. Melee,"$229,730.22",122,386
2019,Pro Evolution Soccer 2019,"$216,000.00",2,25
2019,Mobile Legends: Bang Bang,"$211,000.00",1,30
2019,Magic: The Gathering Online,"$200,000.00",1,24
2019,Age of Empires II,"$138,019.31",144,197
2019,Minecraft,"$130,000.00",13,17
2019,Battalion 1944,"$124,078.05",21,83
2019,Dragon Ball FighterZ,"$124,052.77",42,108
2019,Assetto Corsa,"$110,003.30",21,47
2019,Farming Simulator 19,"$106,133.10",8,72
2019,Madden NFL 19,"$100,000.00",2,5
2019,Sea of Thieves,"$100,000.00",4,67
2019,Chess.com,"$99,858.11",22,140
2019,Old School Runescape,"$97,000.00",4,7
2019,rFactor 2,"$95,118.59",21,139
2019,Multigaming,"$89,274.63",2,15
2019,Soul Calibur VI,"$86,074.21",30,83
2019,Big Buck Hunter Arcade,"$76,200.00",1,3
2019,Dead or Alive 6,"$72,206.54",18,62
2019,Quake Champions,"$72,186.51",6,31
2019,Ring of Elysium,"$70,000.00",4,9
2019,Artifact Classic,"$69,272.34",117,194
2019,Guns of Boom,"$64,800.00",7,8
2019,Samurai Shodown (2019),"$64,499.91",14,54
2019,BlazBlue: Cross Tag Battle,"$62,376.70",23,75
2019,Guilty Gear Xrd REV 2,"$61,006.37",25,73
2019,TrackMania 2: Stadium,"$55,760.30",85,123
2019,Stardew Valley,"$54,250.00",2,56
2019,RaceRoom Racing Experience,"$53,160.00",8,54
2019,Asphalt 9: Legends,"$51,520.00",2,5
2019,Borderlands 3,"$50,000.00",1,16
2019,Halo: Reach,"$50,000.00",1,16
2019,Splitgate: Arena Warfare,"$50,000.00",2,64
2019,WWE 2K20,"$50,000.00",2,20
2019,BlazBlue: Central Fiction,"$39,752.85",8,35
2019,Team Fortress 2,"$37,432.94",14,289
2019,Under Night In-Birth EXE: Late[st],"$32,610.17",18,69
2019,Project Cars 2,"$32,400.00",20,32
2019,King of Fighters XIV,"$32,365.70",10,30
2019,The Division 2,"$27,250.00",2,40
2019,Gwent,"$25,000.00",1,8
2019,Dota Underlords,"$22,635.68",29,56
2019,NHL 19,"$19,700.00",6,6
2019,Sekiro: Shadows Die Twice,"$19,596.00",1,20
2019,osu!,"$18,447.02",9,318
2019,Mordhau,"$16,623.00",3,40
2019,Dead By Daylight,"$15,000.00",3,15
2019,Street Fighter V,"$15,000.00",1,8
2019,Gran Turismo Sport,"$14,100.00",3,19
2019,Lichess,"$13,600.00",23,38
2019,Age of Empires,"$10,960.00",11,23
2019,Tetris,"$10,000.00",1,16
2019,Age of Empires III,"$9,335.00",33,31
2019,Pokkén Tournament DX,"$8,218.57",10,26
2019,Project M,"$8,117.61",13,43
2019,King of Fighters 98,"$7,945.57",3,7
2019,Million Arthur: Arcana Blood,"$7,530.00",3,9
2019,Skullgirls 2nd Encore,"$6,110.00",3,10
2019,Super Smash Bros. for Wii U,"$5,840.00",2,12
2019,Super Smash Bros.,"$4,662.20",4,25
2019,Mystery Game Tournament,"$4,035.00",3,26
2019,Black Squad,"$4,010.43",2,20
2019,Street Fighter III: 3rd Strike,"$3,455.42",6,23
2019,Rivals of Aether,"$3,435.00",5,15
2019,Wolfenstein: Enemy Territory,"$3,305.09",2,18
2019,Super Street Fighter II Turbo,"$3,146.51",8,26
2019,Super Smash Bros. Brawl,"$2,706.00",4,19
2019,Vampire Savior,"$2,680.00",5,13
2019,Melty Blood: Actress Again Current Code,"$2,605.00",5,17
2019,Naruto Shippuden: Ultimate Ninja Storm 4,"$2,550.00",3,7
2019,Windjammers,"$2,466.75",4,16
2019,Lethal League Blaze,"$2,422.50",6,16
2019,Age of Mythology,"$2,221.00",18,41
2019,Puyo Puyo Champions,"$2,071.80",3,9
2019,Marvel vs. Capcom: Infinite,"$2,010.00",5,13
2019,ARMS,"$1,970.86",13,32
2019,Ultimate Marvel vs. Capcom 3,"$1,778.47",7,15
2019,Ultra Street Fighter IV,"$1,705.61",5,15
2019,Injustice 2,"$1,610.00",4,12
2019,Killer Instinct (2013),"$1,500.00",3,11
2019,Dengeki Bunko: Fighting Climax Ignition,"$1,395.00",4,13
2019,Sailor Moon S,"$1,315.13",6,10
2019,Guilty Gear XX Accent Core Plus R,"$1,220.00",3,6
2019,Doom II: Hell on Earth,"$1,200.00",1,1
2019,Quake II,"$1,200.00",1,1
2019,QuakeWorld,"$1,200.00",1,1
2019,Power Rangers: Battle for the Grid,"$1,150.00",3,7
2019,Counter-Strike: Source,"$1,000.00",1,3
2019,Virtua Fighter 5: Ultimate Showdown,"$1,000.00",1,5
2019,Warparty,"$1,000.00",1,4
2019,Puyo Puyo Tetris,$911.08,4,14
2019,Teenage Mutant Ninja Turtles: Tournament Fighters,$820.00,2,7
2019,Street Fighter Alpha 2,$800.00,4,8
2019,Capcom vs. SNK 2,$790.00,3,7
2019,Soul Calibur II,$780.00,3,8
2019,Kill la Kill the Game: IF,$700.00,2,6
2019,Company of Heroes 2,$605.00,4,3
2019,Koihime Enbu,$585.00,2,6
2019,Persona 4 Arena Ultimax,$560.00,2,6
2019,Mortal Kombat X,$480.00,1,3
2019,Tatsunoko vs. Capcom: Ultimate All-Stars,$470.00,2,5
2019,Marvel vs. Capcom 2,$420.00,1,3
2019,Fighting EX Layer,$372.96,2,6
2019,TrackMania 2: Canyon,$337.68,1,3
2019,Ultra Fight Da! Kyanta 2,$320.00,1,3
2019,Mario Kart 8 Deluxe,$279.44,2,4
2019,Samurai Shodown V Special,$251.40,2,6
2019,Street Fighter X Tekken,$250.00,1,3
2019,Garou: Mark of the Wolves,$225.00,1,3
2019,GRID (2019),$218.75,1,3
2019,ShootMania Storm,$210.60,1,12
2019,Acceleration of SUGURI 2,$210.00,1,3
2019,Tekken 5: Dark Resurrection,$210.00,1,4
2019,Fighter's History Dynamite,$195.00,1,3
2019,Street Fighter EX2 Plus,$190.00,1,3
2019,Them's Fightin' Herds,$190.00,1,3
2019,Catherine: Full Body,$185.00,1,3
2019,Catherine,$180.00,1,3
2019,Project Justice,$165.00,1,3
2019,Virtua Fighter 5 Final Showdown,$160.00,1,4
2019,Age of Empires Online,$154.00,2,4
2019,Nitroplus Blasterz: Heroines Infinite Duel,$150.00,1,3
2019,Hokuto no Ken,$145.00,1,3
2019,Mortal Kombat XL,$140.00,1,2
2019,Arcana Heart 3: Love Max Six Stars!!!!!,$110.00,1,3
2019,Umineko: Golden Fantasia,$90.00,1,3
2019,Aquapazza: Aquaplus Dream Match,$85.00,1,3
2019,Virtua Fighter 5,$80.00,1,1
2019,Shovel Knight Showdown,$60.00,1,3
2019,Mario Tennis Aces,$51.30,1,3
2019,Street Fighter Alpha 3,$40.00,1,1
2019,Hand of the Gods,$34.20,1,1
2019,Guilty Gear,$32.00,1,3
2019,Xonotic,$22.82,2,15
2019,Yu-Gi-Oh! Duel Links,$20.00,1,1
2020,Counter-Strike: Global Offensive,"$15,954,985.72",596,3045
2020,Arena of Valor,"$10,080,778.32",17,351
2020,Dota 2,"$9,537,729.21",162,1042
2020,Fortnite,"$9,009,166.74",130,1704
2020,League of Legends,"$8,635,363.76",114,1810
2020,Call of Duty: Modern Warfare,"$7,152,172.00",71,334
2020,PLAYERUNKNOWN'S BATTLEGROUNDS Mobile,"$7,040,367.15",20,667
2020,Overwatch,"$6,590,561.00",32,581
2020,PLAYERUNKNOWN’S BATTLEGROUNDS,"$6,456,027.32",91,1105
2020,Rainbow Six Siege,"$5,890,432.30",67,841
2020,Hearthstone,"$4,277,232.82",49,468
2020,Rocket League,"$3,985,954.07",384,929
2020,Call of Duty: Warzone,"$2,826,407.12",106,611
2020,VALORANT,"$2,417,593.40",345,2313
2020,Apex Legends,"$2,224,649.05",208,660
2020,StarCraft II,"$2,173,192.96",424,327
2020,FIFA 20,"$2,130,308.14",43,273
2020,Magic: The Gathering Arena,"$2,076,000.00",10,81
2020,CrossFire,"$2,075,733.89",8,134
2020,Gears 5,"$1,223,000.00",16,143
2020,Clash of Clans,"$1,212,811.00",15,136
2020,chess24,"$1,184,696.09",10,61
2020,Lichess,"$1,140,686.93",64,287
2020,Brawl Stars,"$1,056,250.00",2,35
2020,Free Fire,"$874,479.11",10,278
2020,Chess.com,"$790,281.92",91,441
2020,F1 2020,"$751,947.00",2,39
2020,iRacing.com,"$684,078.65",37,453
2020,Brawlhalla,"$595,811.60",110,293
2020,WarCraft III: Reforged,"$565,677.04",115,90
2020,World of WarCraft,"$500,000.00",4,57
2020,FIFA Online 4,"$404,120.00",5,56
2020,Paladins,"$393,630.97",18,164
2020,Age of Empires II,"$382,802.20",223,418
2020,Teamfight Tactics,"$370,029.00",4,39
2020,Super Smash Bros. Ultimate,"$310,108.36",282,600
2020,Quake Champions,"$302,899.03",9,40
2020,Hyper Scape,"$299,000.00",4,260
2020,Minecraft,"$294,700.00",4,60
2020,Mobile Legends: Bang Bang,"$288,500.00",1,46
2020,Fall Guys,"$284,273.83",5,240
2020,Call of Duty: Black Ops Cold War,"$253,000.00",13,107
2020,StarCraft: Remastered,"$250,145.94",65,106
2020,Aim Gods,"$250,000.00",1,2
2020,Assetto Corsa,"$235,634.41",31,120
2020,Clash Royale,"$224,600.00",5,51
2020,Hearthstone Battlegrounds,"$203,630.00",4,40
2020,NASCAR Heat 4,"$200,500.00",5,34
2020,Forza Motorsport 7,"$199,000.00",3,64
2020,Farming Simulator 19,"$189,253.45",6,66
2020,Gwent,"$186,720.00",5,22
2020,rFactor 2,"$184,440.95",27,106
2020,Mortal Kombat 11,"$182,259.57",7,77
2020,Street Fighter V: Champion Edition,"$173,410.22",48,52
2020,Super Smash Bros. Melee,"$157,502.23",26,112
2020,Tekken 7,"$156,917.56",43,88
2020,Legends of Runeterra,"$118,481.03",5,30
2020,Escape from Tarkov,"$114,600.00",4,150
2020,Granblue Fantasy: Versus,"$106,280.94",43,45
2020,Diabotical,"$103,859.92",78,239
2020,FIFA 21,"$100,000.00",2,16
2020,Rocket Arena,"$100,000.00",3,24
2020,Dragon Ball FighterZ,"$94,116.31",38,73
2020,RaceRoom Racing Experience,"$87,510.00",10,42
2020,WarCraft III,"$72,425.80",8,18
2020,Among Us,"$66,000.00",6,10
2020,Auto Chess,"$60,098.00",2,42
2020,Trackmania (2020),"$59,918.61",59,99
2020,Multigaming,"$59,109.70",1,8
2020,Halo: Reach,"$50,000.00",1,32
2020,Rogue Company,"$50,000.00",2,48
2020,Spellbreak,"$50,000.00",1,42
2020,TEPPEN,"$48,000.00",1,8
2020,Dead By Daylight,"$45,000.00",6,30
2020,TrackMania 2: Stadium,"$40,262.69",88,203
2020,F1 2019,"$38,047.38",1,3
2020,Zwift,"$33,827.08",2,6
2020,Playchess.com,"$32,866.58",9,116
2020,Identity V,"$31,911.10",1,6
2020,Call of Duty: Black Ops 4,"$30,000.00",2,14
2020,Soul Calibur VI,"$27,582.77",26,41
2020,Shadowverse,"$23,700.00",6,42
2020,Rivals of Aether,"$20,833.62",8,27
2020,Street Fighter V: Arcade Edition,"$20,286.12",3,19
2020,UNO,"$20,000.00",2,16
2020,BlazBlue: Cross Tag Battle,"$14,026.79",6,34
2020,osu!,"$13,982.67",9,313
2020,Samurai Shodown (2019),"$13,223.40",5,23
2020,Prophecy,"$13,000.00",4,27
2020,Age of Empires,"$12,066.00",2,53
2020,Call of Duty: Black Ops 2,"$12,000.00",1,4
2020,Team Fortress 2,"$11,403.92",7,166
2020,Tetris,"$10,926.38",4,23
2020,Age of Empires III,"$10,553.00",16,71
2020,Dirt Rally 2.0,"$10,000.00",2,5
2020,Internet Chess Club,"$10,000.00",1,6
2020,Old School Runescape,"$9,004.20",2,14
2020,Guilty Gear Xrd REV 2,"$7,134.00",6,19
2020,Heroes of the Storm,"$6,745.00",4,33
2020,Under Night In-Birth EXE: Late[st],"$6,036.89",4,21
2020,Assetto Corsa Competizione,"$5,338.00",13,10
2020,Ultimate Marvel vs. Capcom 3,"$4,786.90",5,13
2020,Age of Mythology,"$4,527.00",19,25
2020,QuakeWorld,"$4,168.00",1,6
2020,Fantasy Strike,"$3,860.00",3,18
2020,Melty Blood: Actress Again Current Code,"$3,784.93",10,34
2020,Unreal Tournament (2016),"$3,698.92",3,65
2020,Guilty Gear XX Accent Core Plus R,"$3,576.91",5,18
2020,Dota Underlords,"$3,388.50",7,12
2020,Xonotic,"$3,340.39",13,58
2020,Gran Turismo Sport,"$3,331.00",3,59
2020,BlazBlue: Central Fiction,"$3,296.84",6,11
2020,Tetr.io,"$2,992.61",11,19
2020,Pokkén Tournament DX,"$2,936.43",4,9
2020,Lethal League Blaze,"$2,910.02",4,16
2020,Call of Duty: Modern Warfare 2,"$2,500.00",1,4
2020,Nascar Heat 5,"$2,500.00",1,10
2020,Doom II: Hell on Earth,"$2,480.00",3,7
2020,Live for Speed,"$2,380.00",1,6
2020,Skullgirls 2nd Encore,"$1,984.50",3,14
2020,Mystery Game Tournament,"$1,920.00",1,8
2020,Touhou Hisoutensoku ~ Choudokyuu Ginyoru no Nazo o Oe,"$1,819.61",4,17
2020,Puyo Puyo Tetris,"$1,805.09",9,12
2020,Vampire Savior,"$1,667.21",4,9
2020,Super Smash Bros.,"$1,547.18",6,23
2020,Eternal Fighter Zero,"$1,311.60",2,7
2020,Mario Kart 8 Deluxe,"$1,305.00",2,24
2020,King of Fighters XIV,"$1,270.00",3,8
2020,Splatoon 2,"$1,270.00",1,13
2020,Age of Empires Online,"$1,246.56",3,9
2020,Artifact Classic,"$1,229.85",20,29
2020,Under Night In-Birth Exe:Late[cl-r],"$1,108.00",3,10
2020,Synth Riders,"$1,100.00",5,7
2020,Windjammers,"$1,040.00",3,13
2020,Street Fighter III: 3rd Strike,$980.00,2,11
2020,Tatsunoko vs. Capcom: Ultimate All-Stars,$914.66,7,5
2020,Rushdown Revolt,$850.00,4,9
2020,Star Wars: Squadrons,$800.00,1,4
2020,ARMS,$789.17,4,17
2020,Artifact Foundry,$774.50,8,21
2020,Super Smash Bros. Brawl,$770.00,3,11
2020,Power Rangers: Battle for the Grid,$640.00,3,8
2020,Super Street Fighter II Turbo,$590.00,2,6
2020,Fight of Animals,$580.68,3,7
2020,Marvel vs. Capcom: Infinite,$544.60,2,4
2020,NBA 2K21,$501.00,1,3
2020,SLAYERS FOR HIRE,$500.00,1,8
2020,Super Smash Bros. for Wii U,$490.00,1,3
2020,King of Fighters XIII,$480.00,1,3
2020,Beat Aim,$430.00,6,12
2020,Puyo Puyo Champions,$410.50,2,5
2020,Dead or Alive 6,$410.00,2,6
2020,Them's Fightin' Herds,$390.00,3,8
2020,King of Fighters 2002 Unlimited Match,$380.00,1,3
2020,Garou: Mark of the Wolves,$325.00,2,6
2020,Sailor Moon S,$320.00,2,6
2020,Dengeki Bunko: Fighting Climax Ignition,$305.50,3,9
2020,Punch Planet,$300.00,1,3
2020,Slap City,$300.00,1,3
2020,Smash Remix,$299.06,1,4
2020,JoJo's Bizarre Adventure: Heritage for the Future,$284.99,2,5
2020,Audio Trip,$250.00,1,1
2020,Duck Game,$250.00,1,3
2020,Capcom vs. SNK 2,$240.00,1,3
2020,Samurai Shodown V Special,$230.46,2,5
2020,Jstris,$225.00,1,8
2020,Kirby Fighters 2,$222.86,1,4
2020,Kill la Kill the Game: IF,$220.00,2,6
2020,Maiden & Spell,$200.00,1,3
2020,Naruto: Gekitou Ninja Taisen! 4,$200.00,1,3
2020,ShootMania Storm,$193.05,2,15
2020,Cultris II,$190.95,1,3
2020,Warparty,$175.00,1,4
2020,Def Jam: Fight for NY,$170.00,1,3
2020,Magical Drop III,$130.00,1,3
2020,Trackmania Turbo,$112.50,1,3
2020,Pokémon VGC,$102.00,1,3
2020,Acceleration of SUGURI 2,$100.00,1,3
2020,Schwarzerblitz,$100.00,1,3
2020,Twinkle Star Sprites,$100.00,1,3
2020,Catherine,$75.00,1,3
2020,Digimon Rumble Arena,$70.00,1,3
2020,Pocket Rumble,$60.00,1,3
2020,TrackMania Nations Forever,$56.30,1,3
2020,Arcana Heart 3: Love Max Six Stars!!!!!,$50.00,1,3
2020,HYPERFIGHT,$50.00,1,3
2020,Killer Instinct (2013),$50.00,1,3
2020,Koihime Enbu,$50.00,1,3
2020,Power Instinct: Matrimelee,$50.00,1,3
2020,Roof Rage,$50.00,1,3
2020,Shrek SuperSlam,$50.00,1,3
2020,Speedrunners,$50.00,1,3
2020,Umineko: Golden Fantasia,$50.00,1,3
2020,Panel Attack,$40.00,1,3
2020,Ultra Street Fighter IV,$40.00,2,6
2020,Samurai Shodown III,$30.00,1,3
2020,Akatsuki Blitzkampf,$20.00,1,3
2020,Project Plus,$20.00,1,3
2020,The Last Blade 2,$20.00,1,3
2020,Breakers Revenge,$16.00,1,3
2020,Asuka 120% LimitOver BURNING Fest.,$10.00,1,3
2020,Fighting EX Layer,$10.00,1,3
2020,Mario Tennis Aces,$10.00,1,3
2020,Marvel vs. Capcom 2,$10.00,1,3
2020,Million Arthur: Arcana Blood,$10.00,1,3
2021,Dota 2,"$47,780,465.28",89,944
2021,Counter-Strike: Global Offensive,"$21,171,751.49",494,3189
2021,PLAYERUNKNOWN'S BATTLEGROUNDS Mobile,"$17,786,868.30",27,831
2021,Arena of Valor,"$17,365,745.60",18,428
2021,PLAYERUNKNOWN’S BATTLEGROUNDS,"$16,031,339.09",44,532
2021,Fortnite,"$11,720,033.30",43,739
2021,League of Legends,"$8,112,480.58",98,1403
2021,VALORANT,"$6,532,476.53",299,2102
2021,Rainbow Six Siege,"$6,219,503.04",42,602
2021,Call of Duty: Warzone,"$6,156,202.01",189,787
2021,Call of Duty: Black Ops Cold War,"$5,782,000.00",48,190
2021,Overwatch,"$5,613,680.00",25,398
2021,Rocket League,"$4,988,771.50",371,970
2021,Apex Legends,"$4,351,007.00",126,700
2021,Call of Duty: Mobile,"$3,057,280.00",6,185
2021,Hearthstone,"$2,939,891.92",57,443
2021,Free Fire,"$2,933,146.00",9,281
2021,Shadowverse,"$2,293,296.20",1,8
2021,FIFA 21,"$2,145,134.53",24,227
2021,Magic: The Gathering Arena,"$2,000,000.00",4,38
2021,CrossFire,"$1,938,654.50",3,103
2021,Mobile Legends: Bang Bang,"$1,909,400.00",6,185
2021,StarCraft II,"$1,747,152.05",262,226
2021,League of Legends: Wild Rift,"$1,567,092.59",12,301
2021,chess24,"$1,520,929.34",9,44
2021,Brawl Stars,"$1,213,000.00",19,179
2021,World of WarCraft,"$930,000.00",18,73
2021,iRacing.com,"$905,074.00",44,466
2021,Chess.com,"$867,875.39",98,309
2021,Teamfight Tactics,"$781,554.00",3,53
2021,F1 2021,"$750,000.00",1,22
2021,Brawlhalla,"$684,407.00",84,323
2021,Age of Empires II,"$640,069.14",369,685
2021,Call of Duty: Vanguard,"$626,500.00",16,128
2021,SMITE,"$610,000.00",2,50
2021,FIFA Online 4,"$600,000.00",4,76
2021,Super Smash Bros. Ultimate,"$545,343.67",249,584
2021,WarCraft III: Reforged,"$513,333.76",80,68
2021,Street Fighter V: Champion Edition,"$495,019.15",57,154
2021,Assetto Corsa,"$273,888.54",46,136
2021,Assetto Corsa Competizione,"$262,943.00",20,241
2021,Super Smash Bros. Melee,"$258,784.14",13,117
2021,Quake Champions,"$251,607.45",8,60
2021,Gwent,"$250,000.00",1,8
2021,StarCraft: Remastered,"$234,832.20",18,82
2021,rFactor 2,"$233,012.82",25,149
2021,Legends of Runeterra,"$201,700.00",2,18
2021,Halo 3,"$150,000.00",1,32
2021,Farming Simulator 19,"$143,671.33",8,65
2021,Halo 2,"$137,400.00",3,16
2021,Tekken 7,"$135,421.54",11,55
2021,Trackmania (2020),"$114,314.99",171,238
2021,Halo Infinite,"$101,000.00",10,50
2021,Multigaming,"$96,473.00",2,18
2021,Guilty Gear -STRIVE-,"$89,280.62",34,120
2021,Diabotical,"$88,873.77",136,224
2021,Heroes of the Storm,"$86,524.00",2,59
2021,Clash of Clans,"$85,940.00",4,20
2021,Age of Empires IV,"$84,389.25",61,198
2021,RaceRoom Racing Experience,"$62,997.50",3,30
2021,Mortal Kombat 11,"$54,912.63",6,28
2021,Granblue Fantasy: Versus,"$54,362.38",29,36
2021,Soul Calibur VI,"$51,503.10",4,15
2021,Fall Guys,"$50,000.00",1,36
2021,Stardew Valley,"$43,600.00",1,16
2021,osu!,"$43,223.90",25,180
2021,Lichess,"$39,750.00",37,66
2021,Halo 5: Guardians,"$34,000.00",2,32
2021,FIFA 22,"$30,339.76",2,32
2021,Among Us,"$20,000.00",2,7
2021,Dirt Rally 2.0,"$20,000.00",2,6
2021,Age of Empires III,"$19,419.80",28,55
2021,Golf With Your Friends,"$19,400.00",2,11
2021,Tetris,"$16,089.61",19,40
2021,The Binding of Isaac,"$15,000.00",1,16
2021,World of Tanks,"$15,000.00",1,4
2021,Old School Runescape,"$13,000.00",2,14
2021,Dragon Ball FighterZ,"$11,548.32",31,48
2021,UNO,"$10,000.00",1,12
2021,Xonotic,"$8,915.36",17,33
2021,Quake III Arena,"$8,742.45",7,36
2021,Auto Chess,"$8,400.00",30,14
2021,Age of Mythology,"$8,205.00",37,43
2021,Guilty Gear XX Accent Core Plus R,"$5,985.23",5,14
2021,Paladins,"$5,500.00",2,19
2021,Skullgirls 2nd Encore,"$5,057.52",4,12
2021,Mortal Kombat XL,"$5,000.00",1,8
2021,Rezzil Player,"$5,000.00",1,5
2021,Them's Fightin' Herds,"$3,998.19",25,18
2021,Nascar Heat 5,"$3,625.00",1,10
2021,Rushdown Revolt,"$3,310.09",14,26
2021,Mythgard,"$3,000.00",3,9
2021,Ultimate Marvel vs. Capcom 3,"$2,841.36",4,15
2021,Power Rangers: Battle for the Grid,"$2,750.60",3,13
2021,Touhou Hisoutensoku ~ Choudokyuu Ginyoru no Nazo o Oe,"$2,681.91",2,9
2021,Gran Turismo Sport,"$2,511.56",15,44
2021,Rocket League Sideswipe,"$2,500.00",1,1
2021,Blaston,"$2,428.12",6,12
2021,Tetr.io,"$2,295.27",2,11
2021,Melty Blood: Type Lumina,"$2,004.59",1,8
2021,Fantasy Strike,"$1,939.80",2,9
2021,Tetris Effect: Connected,"$1,934.91",3,12
2021,Mario Kart 8 Deluxe,"$1,700.00",2,20
2021,Age of Empires Online,"$1,605.00",5,11
2021,Microsoft Excel,"$1,400.00",4,8
2021,Super Smash Bros. for Wii U,"$1,190.00",1,8
2021,Quake Live,"$1,185.08",2,8
2021,Under Night In-Birth Exe:Late[cl-r],"$1,123.13",2,15
2021,Street Fighter Alpha 2,"$1,114.69",1,8
2021,Synth Riders,"$1,000.00",2,8
2021,Virtua Fighter 5: Ultimate Showdown,"$1,000.00",1,8
2021,Age of Empires,$994.20,3,18
2021,Puyo Puyo Tetris 2,$896.02,2,10
2021,ARMS,$816.50,2,11
2021,BlazBlue: Central Fiction,$807.65,2,7
2021,Crab Game,$750.00,9,15
2021,Super Smash Bros.,$750.00,3,13
2021,Street Fighter III: 3rd Strike,$717.22,3,8
2021,Lemnis Gate,$572.86,4,5
2021,Super Smash Bros. Brawl,$570.00,1,8
2021,DOOMBRINGER,$567.77,4,8
2021,Tatsunoko vs. Capcom: Ultimate All-Stars,$526.29,1,3
2021,Killer Instinct (2013),$520.00,3,8
2021,Duck Game,$500.00,1,3
2021,Windjammers,$449.31,2,4
2021,Doom II: Hell on Earth,$428.56,2,4
2021,Artifact Foundry,$400.00,4,2
2021,Audio Trip,$400.00,1,3
2021,Rivals of Aether,$400.00,3,7
2021,Quake 4,$360.76,2,3
2021,Dead or Alive 6,$310.00,2,6
2021,Lethal League Blaze,$300.00,1,3
2021,Slap City,$300.00,1,3
2021,QuakeWorld,$299.97,2,4
2021,Reflex,$299.97,2,3
2021,F1 2020,$288.00,1,3
2021,Super Street Fighter II Turbo,$250.00,1,3
2021,Quake II,$246.48,2,3
2021,Guilty Gear Xrd REV 2,$218.36,2,5
2021,Artifact Classic,$210.00,3,4
2021,Pokkén Tournament,$200.00,1,3
2021,Project Plus,$175.00,1,3
2021,Digimon Rumble Arena,$130.00,1,3
2021,Maiden & Spell,$125.00,1,3
2021,Pocket Rumble,$125.00,1,4
2021,Acceleration of SUGURI 2,$100.00,1,3
2021,Chex Quest,$100.00,1,2
2021,Koihime Enbu,$100.00,1,3
2021,Mighty Fight Federation,$100.00,1,3
2021,Mobile Suit Gundam: Extreme Vs Maxi Boost ON,$100.00,1,6
2021,Panel Attack,$100.00,1,3
2021,Punch Planet,$100.00,1,3
2021,Red Earth,$100.00,1,3
2021,Schwarzerblitz,$100.00,1,3
2021,SLAYERS FOR HIRE,$100.00,1,3
2021,Speedrunners,$100.00,1,3
2021,Toribash,$100.00,1,3
2021,Tough Love Arena,$100.00,1,3
2021,HYPERFIGHT,$90.00,1,3
2021,Fight of Animals,$50.00,1,3
2021,Jstris,$50.00,1,8
2021,Twinkle Star Sprites,$50.00,1,3
2021,Umineko: Golden Fantasia,$50.00,1,3
2021,JoJo's Bizarre Adventure: Heritage for the Future,$40.00,1,3
2021,Power Instinct: Matrimelee,$40.00,1,3
2021,Samurai Shodown III,$40.00,1,3
2021,The Last Blade 2,$40.00,1,3
2021,Shrek SuperSlam,$30.00,1,3
2021,Def Jam: Fight for NY,$20.00,1,3
2022,Dota 2,"$6,152,057.44",53,740
2022,PLAYERUNKNOWN'S BATTLEGROUNDS Mobile,"$5,993,005.35",15,465
2022,Counter-Strike: Global Offensive,"$4,521,463.36",136,1581
2022,Fortnite,"$3,040,500.00",8,135
2022,Rainbow Six Siege,"$3,000,000.00",1,100
2022,League of Legends,"$2,016,564.84",16,303
2022,PLAYERUNKNOWN’S BATTLEGROUNDS,"$1,598,695.50",16,325
2022,Arena of Valor,"$1,589,807.12",8,182
2022,Hearthstone,"$1,004,416.46",17,402
2022,StarCraft II,"$890,437.55",76,103
2022,Rocket League,"$706,693.46",22,350
2022,Call of Duty: Vanguard,"$500,000.00",1,32
2022,Magic: The Gathering Arena,"$450,000.00",1,14
2022,Call of Duty: Warzone,"$434,222.80",26,107
2022,League of Legends: Wild Rift,"$355,495.00",2,60
2022,Chess.com,"$304,200.00",31,92
2022,Mobile Legends: Bang Bang,"$288,500.00",1,30
2022,chess24,"$280,000.00",2,25
2022,FIFA Online 4,"$200,000.00",2,43
2022,rFactor 2,"$187,500.00",3,112
2022,Age of Empires IV,"$180,517.00",69,173
2022,Brawlhalla,"$159,460.00",23,138
2022,FIFA 22,"$154,150.00",2,16
2022,StarCraft: Remastered,"$127,444.70",8,64
2022,Age of Empires II,"$90,021.85",93,250
2022,VALORANT,"$71,892.20",5,67
2022,Street Fighter V: Champion Edition,"$69,442.56",1,12
2022,Super Smash Bros. Ultimate,"$67,823.90",27,136
2022,WarCraft III: Reforged,"$56,982.96",6,26
2022,Multigaming,"$55,909.13",1,12
2022,Lichess,"$53,615.85",4,14
2022,Hearthstone Battlegrounds,"$50,000.00",1,16
2022,Heroes of the Storm,"$45,641.00",1,48
2022,Crab Game,"$45,200.00",2,18
2022,Trackmania (2020),"$45,133.08",59,130
2022,iRacing.com,"$37,600.00",4,22
2022,Super Smash Bros. Melee,"$31,501.00",3,22
2022,Diabotical,"$28,535.78",58,110
2022,Dragon Ball FighterZ,"$15,476.59",1,8
2022,Minecraft,"$15,000.00",1,1
2022,F1 2021,"$11,739.00",2,9
2022,Guilty Gear -STRIVE-,"$9,830.79",2,15
2022,Tekken 7,"$7,000.00",2,11
2022,osu!,"$6,674.05",9,52
2022,Forza Horizon 5,"$5,000.00",1,7
2022,Rezzil Player,"$5,000.00",1,5
2022,Age of Mythology,"$3,149.00",8,12
2022,Auto Chess,"$3,000.00",12,6
2022,King of Fighters XV,"$2,871.52",1,8
2022,Granblue Fantasy: Versus,"$2,156.69",1,8
2022,CrossFire,"$2,090.50",1,20
2022,Power Rangers: Battle for the Grid,"$1,756.20",1,8
2022,Age of Empires III,"$1,630.00",6,17
2022,Blaston,"$1,500.00",3,10
2022,Loco Dojo Unleashed,"$1,000.00",1,4
2022,Age of Empires Online,$528.00,4,12
2022,TrackMania 2: Canyon,$327.38,1,4
2022,Artifact Classic,$20.00,1,1
